Timestamp,Data Sent (MB/s),Data Received (MB/s),Active Connections
2024-12-10 08:23:47.335907,0.0,0.0,76
2024-12-10 08:23:57.335907,0.0,0.0,75
2024-12-10 08:24:07.335907,0.0,0.0,75
2024-12-10 08:24:17.335907,0.0,0.0,75
2024-12-10 08:24:27.335907,0.0,0.0,75
2024-12-10 08:24:37.335907,0.0,0.0,75
2024-12-10 08:24:47.335907,0.0,0.0,75
2024-12-10 08:24:57.335907,0.0,0.0,75
2024-12-10 08:25:07.335907,0.0,0.0,75
2024-12-10 08:25:17.335907,0.0,0.0,75
2024-12-10 08:25:27.335907,0.0,0.0,75
2024-12-10 08:25:37.335907,0.0,0.0,75
2024-12-10 08:25:47.335907,0.0,0.0,75
2024-12-10 08:25:57.335907,0.0,0.0,75
2024-12-10 08:26:07.335907,0.0,0.0,75
2024-12-10 08:26:17.335907,0.0,0.0,75
2024-12-10 08:26:27.335907,0.0,0.0,75
2024-12-10 08:26:37.335907,0.0,0.0,75
2024-12-10 08:26:47.335907,0.0,0.0,75
2024-12-10 08:26:57.335907,0.0,0.0,75
2024-12-10 08:27:07.335907,0.0,0.0,75
2024-12-10 08:27:17.335907,0.0,0.0,75
2024-12-10 08:27:27.335907,0.0,0.0,75
2024-12-10 08:27:37.335907,0.0,0.0,75
2024-12-10 08:27:47.335907,0.0,0.0,75
2024-12-10 08:27:57.335907,0.0,0.0,75
2024-12-10 08:28:07.335907,0.0,0.0,75
2024-12-10 08:28:17.335907,0.0,0.0,75
2024-12-10 08:28:27.335907,0.0,0.0,75
2024-12-10 08:28:37.335907,0.0,0.0,75
2024-12-10 08:28:47.335907,0.0,0.0,75
2024-12-10 08:28:57.335907,0.0,0.0,75
2024-12-10 08:29:07.335907,0.0,0.0,75
2024-12-10 08:29:17.335907,0.0,0.0,75
2024-12-10 08:29:27.335907,0.0,0.0,75
2024-12-10 08:29:37.335907,0.0,0.0,75
2024-12-10 08:29:47.335907,0.0,0.0,75
2024-12-10 08:29:57.335907,0.0,0.0,75
2024-12-10 08:30:07.335907,0.0,0.0,75
2024-12-10 08:30:17.335907,0.0,0.0,75
2024-12-10 08:30:27.335907,0.0,0.0,75
2024-12-10 08:30:37.335907,0.0,0.0,75
2024-12-10 08:30:47.335907,0.0,0.0,75
2024-12-10 08:30:57.335907,0.0,0.0,75
2024-12-10 08:31:07.335907,0.0,0.0,75
2024-12-10 08:31:17.335907,0.0,0.0,75
2024-12-10 08:31:27.335907,0.0,0.0,75
2024-12-10 08:31:37.335907,0.0,0.0,75
2024-12-10 08:31:47.335907,0.0,0.0,75
2024-12-10 08:31:57.335907,0.0,0.0,75
2024-12-10 08:32:07.335907,0.0,0.0,75
2024-12-10 08:32:17.335907,0.0,0.0,75
2024-12-10 08:32:27.335907,0.0,0.0,75
2024-12-10 08:32:37.335907,0.0,0.0,75
2024-12-10 08:32:47.335907,0.0,0.0,75
2024-12-10 08:32:57.335907,0.0,0.0,75
2024-12-10 08:33:07.335907,0.0,0.0,75
2024-12-10 08:33:17.335907,0.0,0.0,75
2024-12-10 08:33:27.335907,0.0,0.0,75
2024-12-10 08:33:37.335907,0.0,0.0,75
2024-12-10 08:33:47.335907,0.0,0.0,75
2024-12-10 08:33:57.335907,0.0,0.0,75
2024-12-10 08:34:07.335907,0.0,0.0,75
2024-12-10 08:34:17.335907,0.0,0.0,75
2024-12-10 08:34:27.335907,0.0,0.0,75
2024-12-10 08:34:37.335907,0.0,0.0,75
2024-12-10 08:34:47.335907,0.0,0.0,75
2024-12-10 08:34:57.335907,0.0,0.0,75
2024-12-10 08:35:07.335907,0.0,0.0,75
2024-12-10 08:35:17.335907,0.0,0.0,75
2024-12-10 08:35:27.335907,0.0,0.0,75
2024-12-10 08:35:37.335907,0.0,0.0,75
2024-12-10 08:35:47.335907,0.0,0.0,75
2024-12-10 08:35:57.335907,0.0,0.0,75
2024-12-10 08:36:07.335907,0.0,0.0,75
2024-12-10 08:36:17.335907,0.0,0.0,75
2024-12-10 08:36:27.335907,0.0,0.0,75
2024-12-10 08:36:37.335907,0.0,0.0,75
2024-12-10 08:36:47.335907,0.0,0.0,75
2024-12-10 08:36:57.335907,0.0,0.0,75
2024-12-10 08:37:07.335907,0.0,0.0,75
2024-12-10 08:37:17.335907,0.0,0.0,75
2024-12-10 08:37:27.335907,0.0,0.0,75
2024-12-10 08:37:37.335907,0.0,0.0,75
2024-12-10 08:37:47.335907,0.0,0.0,75
2024-12-10 08:37:57.335907,0.0,0.0,75
2024-12-10 08:38:07.335907,0.0,0.0,75
2024-12-10 08:38:17.335907,0.0,0.0,75
2024-12-10 08:38:27.335907,0.0,0.0,75
2024-12-10 08:38:37.335907,0.0,0.0,75
2024-12-10 08:38:47.335907,0.0,0.0,75
2024-12-10 08:38:57.335907,0.0,0.0,75
2024-12-10 08:39:07.335907,0.0,0.0,75
2024-12-10 08:39:17.335907,0.0,0.0,75
2024-12-10 08:39:27.335907,0.0,0.0,75
2024-12-10 08:39:37.335907,0.0,0.0,75
2024-12-10 08:39:47.335907,0.0,0.0,75
2024-12-10 08:39:57.335907,0.0,0.0,75
2024-12-10 08:40:07.335907,0.0,0.0,75
2024-12-10 08:40:17.335907,0.0,0.0,75
2024-12-10 08:40:27.335907,0.0,0.0,75
2024-12-10 08:40:37.335907,0.0,0.0,75
2024-12-10 08:40:47.335907,0.0,0.0,75
2024-12-10 08:40:57.335907,0.0,0.0,75
2024-12-10 08:41:07.335907,0.0,0.0,75
2024-12-10 08:41:17.335907,0.0,0.0,75
2024-12-10 08:41:27.335907,0.0,0.0,75
2024-12-10 08:41:37.335907,0.0,0.0,75
2024-12-10 08:41:47.335907,0.0,0.0,75
2024-12-10 08:41:57.335907,0.0,0.0,75
2024-12-10 08:42:07.335907,0.0,0.0,75
2024-12-10 08:42:17.335907,0.0,0.0,75
2024-12-10 08:42:27.335907,0.0,0.0,75
2024-12-10 08:42:37.335907,0.0,0.0,75
2024-12-10 08:42:47.335907,0.0,0.0,75
2024-12-10 08:42:57.335907,0.0,0.0,75
2024-12-10 08:43:07.335907,0.0,0.0,75
2024-12-10 08:43:17.335907,0.0,0.0,75
2024-12-10 08:43:27.335907,0.0,0.0,75
2024-12-10 08:43:37.335907,0.0,0.0,75
2024-12-10 08:43:47.335907,0.0,0.0,75
2024-12-10 08:43:57.335907,0.0,0.0,75
2024-12-10 08:44:07.335907,0.0,0.0,75
2024-12-10 08:44:17.335907,0.0,0.0,75
2024-12-10 08:44:27.335907,0.0,0.0,75
2024-12-10 08:44:37.335907,0.0,0.0,75
2024-12-10 08:44:47.335907,0.0,0.0,75
2024-12-10 08:44:57.335907,0.0,0.0,75
2024-12-10 08:45:07.335907,0.0,0.0,75
2024-12-10 08:45:17.335907,0.0,0.0,75
2024-12-10 08:45:27.335907,0.0,0.0,75
2024-12-10 08:45:37.335907,0.0,0.0,75
2024-12-10 08:45:47.335907,0.0,0.0,75
2024-12-10 08:45:57.335907,0.0,0.0,75
2024-12-10 08:46:07.335907,0.0,0.0,75
2024-12-10 08:46:17.335907,0.0,0.0,75
2024-12-10 08:46:27.335907,0.0,0.0,75
2024-12-10 08:46:37.335907,0.0,0.0,75
2024-12-10 08:46:47.335907,0.0,0.0,75
2024-12-10 08:46:57.335907,0.0,0.0,75
2024-12-10 08:47:07.335907,0.0,0.0,75
2024-12-10 08:47:17.335907,0.0,0.0,75
2024-12-10 08:47:27.335907,0.0,0.0,75
2024-12-10 08:47:37.335907,0.0,0.0,75
2024-12-10 08:47:47.335907,0.0,0.0,75
2024-12-10 08:47:57.335907,0.0,0.0,75
2024-12-10 08:48:07.335907,0.0,0.0,75
2024-12-10 08:48:17.335907,0.0,0.0,75
2024-12-10 08:48:27.335907,0.0,0.0,75
2024-12-10 08:48:37.335907,0.0,0.0,75
2024-12-10 08:48:47.335907,0.0,0.0,75
2024-12-10 08:48:57.335907,0.0,0.0,75
2024-12-10 08:49:07.335907,0.0,0.0,75
2024-12-10 08:49:17.335907,0.0,0.0,75
2024-12-10 08:49:27.335907,0.0,0.0,75
2024-12-10 08:49:37.335907,0.0,0.0,75
2024-12-10 08:49:47.335907,0.0,0.0,75
2024-12-10 08:49:57.335907,0.0,0.0,75
2024-12-10 08:50:07.335907,0.0,0.0,75
2024-12-10 08:50:17.335907,0.0,0.0,75
2024-12-10 08:50:27.335907,0.0,0.0,75
2024-12-10 08:50:37.335907,0.0,0.0,75
2024-12-10 08:50:47.335907,0.0,0.0,75
2024-12-10 08:50:57.335907,0.0,0.0,75
2024-12-10 08:51:07.335907,0.0,0.0,75
2024-12-10 08:51:17.335907,0.0,0.0,75
2024-12-10 08:51:27.335907,0.0,0.0,75
2024-12-10 08:51:37.335907,0.0,0.0,75
2024-12-10 08:51:47.335907,0.0,0.0,75
2024-12-10 08:51:57.335907,0.0,0.0,75
2024-12-10 08:52:07.335907,0.0,0.0,75
2024-12-10 08:52:17.335907,0.0,0.0,75
2024-12-10 08:52:27.335907,0.0,0.0,75
2024-12-10 08:52:37.335907,0.0,0.0,75
2024-12-10 08:52:47.335907,0.0,0.0,75
2024-12-10 08:52:57.335907,0.0,0.0,75
2024-12-10 08:53:07.335907,0.0,0.0,75
2024-12-10 08:53:17.335907,0.0,0.0,75
2024-12-10 08:53:27.335907,0.0,0.0,75
2024-12-10 08:53:37.335907,0.0,0.0,75
2024-12-10 08:53:47.335907,0.0,0.0,75
2024-12-10 08:53:57.335907,0.0,0.0,75
2024-12-10 08:54:07.335907,0.0,0.0,75
2024-12-10 08:54:17.335907,0.0,0.0,75
2024-12-10 08:54:27.335907,0.0,0.0,75
2024-12-10 08:54:37.335907,0.0,0.0,75
2024-12-10 08:54:47.335907,0.0,0.0,75
2024-12-10 08:54:57.335907,0.0,0.0,75
2024-12-10 08:55:07.335907,0.0,0.0,75
2024-12-10 08:55:17.335907,0.0,0.0,75
2024-12-10 08:55:27.335907,0.0,0.0,75
2024-12-10 08:55:37.335907,0.0,0.0,75
2024-12-10 08:55:47.335907,0.0,0.0,75
2024-12-10 08:55:57.335907,0.0,0.0,75
2024-12-10 08:56:07.335907,0.0,0.0,75
2024-12-10 08:56:17.335907,0.0,0.0,75
2024-12-10 08:56:27.335907,0.0,0.0,75
2024-12-10 08:56:37.335907,0.0,0.0,75
2024-12-10 08:56:47.335907,0.0,0.0,75
2024-12-10 08:56:57.335907,0.0,0.0,75
2024-12-10 08:57:07.335907,0.0,0.0,75
2024-12-10 08:57:17.335907,0.0,0.0,75
2024-12-10 08:57:27.335907,0.0,0.0,75
2024-12-10 08:57:37.335907,0.0,0.0,75
2024-12-10 08:57:47.335907,0.0,0.0,75
2024-12-10 08:57:57.335907,0.0,0.0,75
2024-12-10 08:58:07.335907,0.0,0.0,75
2024-12-10 08:58:17.335907,0.0,0.0,75
2024-12-10 08:58:27.335907,0.0,0.0,75
2024-12-10 08:58:37.335907,0.0,0.0,75
2024-12-10 08:58:47.335907,0.0,0.0,75
2024-12-10 08:58:57.335907,0.0,0.0,75
2024-12-10 08:59:07.335907,0.0,0.0,75
2024-12-10 08:59:17.335907,0.0,0.0,75
2024-12-10 08:59:27.335907,0.0,0.0,75
2024-12-10 08:59:37.335907,0.0,0.0,75
2024-12-10 08:59:47.335907,0.0,0.0,75
2024-12-10 08:59:57.335907,0.0,0.0,75
2024-12-10 09:00:07.335907,0.0,0.0,75
2024-12-10 09:00:17.335907,0.0,0.0,75
2024-12-10 09:00:27.335907,0.0,0.0,75
2024-12-10 09:00:37.335907,0.0,0.0,75
2024-12-10 09:00:47.335907,0.0,0.0,75
2024-12-10 09:00:57.335907,0.0,0.0,75
2024-12-10 09:01:07.335907,0.0,0.0,75
2024-12-10 09:01:17.335907,0.0,0.0,75
2024-12-10 09:01:27.335907,0.0,0.0,75
2024-12-10 09:01:37.335907,0.0,0.0,75
2024-12-10 09:01:47.335907,0.0,0.0,75
2024-12-10 09:01:57.335907,0.0,0.0,75
2024-12-10 09:02:07.335907,0.0,0.0,75
2024-12-10 09:02:17.335907,0.0,0.0,75
2024-12-10 09:02:27.335907,0.0,0.0,75
2024-12-10 09:02:37.335907,0.0,0.0,75
2024-12-10 09:02:47.335907,0.0,0.0,75
2024-12-10 09:02:57.335907,0.0,0.0,75
2024-12-10 09:03:07.335907,0.0,0.0,75
2024-12-10 09:03:17.335907,0.0,0.0,75
2024-12-10 09:03:27.335907,0.0,0.0,75
2024-12-10 09:03:37.335907,0.0,0.0,75
2024-12-10 09:03:47.335907,0.0,0.0,75
2024-12-10 09:03:57.335907,0.0,0.0,75
2024-12-10 09:04:07.335907,0.0,0.0,75
2024-12-10 09:04:17.335907,0.0,0.0,75
2024-12-10 09:04:27.335907,0.0,0.0,75
2024-12-10 09:04:37.335907,0.0,0.0,75
2024-12-10 09:04:47.335907,0.0,0.0,75
2024-12-10 09:04:57.335907,0.0,0.0,75
2024-12-10 09:05:07.335907,0.0,0.0,75
2024-12-10 09:05:17.335907,0.0,0.0,75
2024-12-10 09:05:27.335907,0.0,0.0,75
2024-12-10 09:05:37.335907,0.0,0.0,75
2024-12-10 09:05:47.335907,0.0,0.0,75
2024-12-10 09:05:57.335907,0.0,0.0,75
2024-12-10 09:06:07.335907,0.0,0.0,75
2024-12-10 09:06:17.335907,0.0,0.0,75
2024-12-10 09:06:27.335907,0.0,0.0,75
2024-12-10 09:06:37.335907,0.0,0.0,75
2024-12-10 09:06:47.335907,0.0,0.0,75
2024-12-10 09:06:57.335907,0.0,0.0,75
2024-12-10 09:07:07.335907,0.0,0.0,75
2024-12-10 09:07:17.335907,0.0,0.0,75
2024-12-10 09:07:27.335907,0.0,0.0,75
2024-12-10 09:07:37.335907,0.0,0.0,75
2024-12-10 09:07:47.335907,0.0,0.0,75
2024-12-10 09:07:57.335907,0.0,0.0,75
2024-12-10 09:08:07.335907,0.0,0.0,75
2024-12-10 09:08:17.335907,0.0,0.0,75
2024-12-10 09:08:27.335907,0.0,0.0,75
2024-12-10 09:08:37.335907,0.0,0.0,75
2024-12-10 09:08:47.335907,0.0,0.0,75
2024-12-10 09:08:57.335907,0.0,0.0,75
2024-12-10 09:09:07.335907,0.0,0.0,75
2024-12-10 09:09:17.335907,0.0,0.0,75
2024-12-10 09:09:27.335907,0.0,0.0,75
2024-12-10 09:09:37.335907,0.0,0.0,75
2024-12-10 09:09:47.335907,0.0,0.0,75
2024-12-10 09:09:57.335907,0.0,0.0,75
2024-12-10 09:10:07.335907,0.0,0.0,75
2024-12-10 09:10:17.335907,0.0,0.0,75
2024-12-10 09:10:27.335907,0.0,0.0,75
2024-12-10 09:10:37.335907,0.0,0.0,75
2024-12-10 09:10:47.335907,0.0,0.0,75
2024-12-10 09:10:57.335907,0.0,0.0,75
2024-12-10 09:11:07.335907,0.0,0.0,75
2024-12-10 09:11:17.335907,0.0,0.0,75
2024-12-10 09:11:27.335907,0.0,0.0,75
2024-12-10 09:11:37.335907,0.0,0.0,75
2024-12-10 09:11:47.335907,0.0,0.0,75
2024-12-10 09:11:57.335907,0.0,0.0,75
2024-12-10 09:12:07.335907,0.0,0.0,75
2024-12-10 09:12:17.335907,0.0,0.0,75
2024-12-10 09:12:27.335907,0.0,0.0,75
2024-12-10 09:12:37.335907,0.0,0.0,75
2024-12-10 09:12:47.335907,0.0,0.0,75
2024-12-10 09:12:57.335907,0.0,0.0,75
2024-12-10 09:13:07.335907,0.0,0.0,75
2024-12-10 09:13:17.335907,0.0,0.0,75
2024-12-10 09:13:27.335907,0.0,0.0,75
2024-12-10 09:13:37.335907,0.0,0.0,75
2024-12-10 09:13:47.335907,0.0,0.0,75
2024-12-10 09:13:57.335907,0.0,0.0,75
2024-12-10 09:14:07.335907,0.0,0.0,75
2024-12-10 09:14:17.335907,0.0,0.0,75
2024-12-10 09:14:27.335907,0.0,0.0,75
2024-12-10 09:14:37.335907,0.0,0.0,75
2024-12-10 09:14:47.335907,0.0,0.0,75
2024-12-10 09:14:57.335907,0.0,0.0,75
2024-12-10 09:15:07.335907,0.0,0.0,75
2024-12-10 09:15:17.335907,0.0,0.0,75
2024-12-10 09:15:27.335907,0.0,0.0,75
2024-12-10 09:15:37.335907,0.0,0.0,75
2024-12-10 09:15:47.335907,0.0,0.0,75
2024-12-10 09:15:57.335907,0.0,0.0,75
2024-12-10 09:16:07.335907,0.0,0.0,75
2024-12-10 09:16:17.335907,0.0,0.0,75
2024-12-10 09:16:27.335907,0.0,0.0,75
2024-12-10 09:16:37.335907,0.0,0.0,75
2024-12-10 09:16:47.335907,0.0,0.0,75
2024-12-10 09:16:57.335907,0.0,0.0,75
2024-12-10 09:17:07.335907,0.0,0.0,75
2024-12-10 09:17:17.335907,0.0,0.0,75
2024-12-10 09:17:27.335907,0.0,0.0,75
2024-12-10 09:17:37.335907,0.0,0.0,75
2024-12-10 09:17:47.335907,0.0,0.0,75
2024-12-10 09:17:57.335907,0.0,0.0,75
2024-12-10 09:18:07.335907,0.0,0.0,75
2024-12-10 09:18:17.335907,0.0,0.0,75
2024-12-10 09:18:27.335907,0.0,0.0,75
2024-12-10 09:18:37.335907,0.0,0.0,75
2024-12-10 09:18:47.335907,0.0,0.0,75
2024-12-10 09:18:57.335907,0.0,0.0,75
2024-12-10 09:19:07.335907,0.0,0.0,75
2024-12-10 09:19:17.335907,0.0,0.0,75
2024-12-10 09:19:27.335907,0.0,0.0,75
2024-12-10 09:19:37.335907,0.0,0.0,75
2024-12-10 09:19:47.335907,0.0,0.0,75
2024-12-10 09:19:57.335907,0.0,0.0,75
2024-12-10 09:20:07.335907,0.0,0.0,75
2024-12-10 09:20:17.335907,0.0,0.0,75
2024-12-10 09:20:27.335907,0.0,0.0,75
2024-12-10 09:20:37.335907,0.0,0.0,75
2024-12-10 09:20:47.335907,0.0,0.0,75
2024-12-10 09:20:57.335907,0.0,0.0,75
2024-12-10 09:21:07.335907,0.0,0.0,75
2024-12-10 09:21:17.335907,0.0,0.0,75
2024-12-10 09:21:27.335907,0.0,0.0,75
2024-12-10 09:21:37.335907,0.0,0.0,75
2024-12-10 09:21:47.335907,0.0,0.0,75
2024-12-10 09:21:57.335907,0.0,0.0,75
2024-12-10 09:22:07.335907,0.0,0.0,75
2024-12-10 09:22:17.335907,0.0,0.0,75
2024-12-10 09:22:27.335907,0.0,0.0,75
2024-12-10 09:22:37.335907,0.0,0.0,75
2024-12-10 09:22:47.335907,0.0,0.0,75
2024-12-10 09:22:57.335907,0.0,0.0,75
2024-12-10 09:23:07.335907,0.0,0.0,75
2024-12-10 09:23:17.335907,0.0,0.0,75
2024-12-10 09:23:27.335907,0.0,0.0,75
2024-12-10 09:23:37.335907,0.0,0.0,75
2024-12-10 09:23:47.335907,0.0,0.0,75
2024-12-10 09:23:57.335907,0.0,0.0,75
2024-12-10 09:24:07.335907,0.0,0.0,75
2024-12-10 09:24:17.335907,0.0,0.0,75
2024-12-10 09:24:27.335907,0.0,0.0,75
2024-12-10 09:24:37.335907,0.0,0.0,75
2024-12-10 09:24:47.335907,0.0,0.0,75
2024-12-10 09:24:57.335907,0.0,0.0,75
2024-12-10 09:25:07.335907,0.0,0.0,75
2024-12-10 09:25:17.335907,0.0,0.0,75
2024-12-10 09:25:27.335907,0.0,0.0,75
2024-12-10 09:25:37.335907,0.0,0.0,75
2024-12-10 09:25:47.335907,0.0,0.0,75
2024-12-10 09:25:57.335907,0.0,0.0,75
2024-12-10 09:26:07.335907,0.0,0.0,75
2024-12-10 09:26:17.335907,0.0,0.0,75
2024-12-10 09:26:27.335907,0.0,0.0,75
2024-12-10 09:26:37.335907,0.0,0.0,75
2024-12-10 09:26:47.335907,0.0,0.0,75
2024-12-10 09:26:57.335907,0.0,0.0,75
2024-12-10 09:27:07.335907,0.0,0.0,75
2024-12-10 09:27:17.335907,0.0,0.0,75
2024-12-10 09:27:27.335907,0.0,0.0,75
2024-12-10 09:27:37.335907,0.0,0.0,75
2024-12-10 09:27:47.335907,0.0,0.0,75
2024-12-10 09:27:57.335907,0.0,0.0,75
2024-12-10 09:28:07.335907,0.0,0.0,75
2024-12-10 09:28:17.335907,0.0,0.0,75
2024-12-10 09:28:27.335907,0.0,0.0,75
2024-12-10 09:28:37.335907,0.0,0.0,75
2024-12-10 09:28:47.335907,0.0,0.0,75
2024-12-10 09:28:57.335907,0.0,0.0,75
2024-12-10 09:29:07.335907,0.0,0.0,75
2024-12-10 09:29:17.335907,0.0,0.0,75
2024-12-10 09:29:27.335907,0.0,0.0,75
2024-12-10 09:29:37.335907,0.0,0.0,75
2024-12-10 09:29:47.335907,0.0,0.0,75
2024-12-10 09:29:57.335907,0.0,0.0,75
2024-12-10 09:30:07.335907,0.0,0.0,75
2024-12-10 09:30:17.335907,0.0,0.0,75
2024-12-10 09:30:27.335907,0.0,0.0,75
2024-12-10 09:30:37.335907,0.0,0.0,75
2024-12-10 09:30:47.335907,0.0,0.0,75
2024-12-10 09:30:57.335907,0.0,0.0,75
2024-12-10 09:31:07.335907,0.0,0.0,75
2024-12-10 09:31:17.335907,0.0,0.0,75
2024-12-10 09:31:27.335907,0.0,0.0,75
2024-12-10 09:31:37.335907,0.0,0.0,75
2024-12-10 09:31:47.335907,0.0,0.0,75
2024-12-10 09:31:57.335907,0.0,0.0,75
2024-12-10 09:32:07.335907,0.0,0.0,75
2024-12-10 09:32:17.335907,0.0,0.0,75
2024-12-10 09:32:27.335907,0.0,0.0,75
2024-12-10 09:32:37.335907,0.0,0.0,75
2024-12-10 09:32:47.335907,0.0,0.0,75
2024-12-10 09:32:57.335907,0.0,0.0,75
2024-12-10 09:33:07.335907,0.0,0.0,75
2024-12-10 09:33:17.335907,0.0,0.0,75
2024-12-10 09:33:27.335907,0.0,0.0,75
2024-12-10 09:33:37.335907,0.0,0.0,75
2024-12-10 09:33:47.335907,0.0,0.0,75
2024-12-10 09:33:57.335907,0.0,0.0,75
2024-12-10 09:34:07.335907,0.0,0.0,75
2024-12-10 09:34:17.335907,0.0,0.0,75
2024-12-10 09:34:27.335907,0.0,0.0,75
2024-12-10 09:34:37.335907,0.0,0.0,75
2024-12-10 09:34:47.335907,0.0,0.0,75
2024-12-10 09:34:57.335907,0.0,0.0,75
2024-12-10 09:35:07.335907,0.0,0.0,75
2024-12-10 09:35:17.335907,0.0,0.0,75
2024-12-10 09:35:27.335907,0.0,0.0,75
2024-12-10 09:35:37.335907,0.0,0.0,75
2024-12-10 09:35:47.335907,0.0,0.0,75
2024-12-10 09:35:57.335907,0.0,0.0,75
2024-12-10 09:36:07.335907,0.0,0.0,75
2024-12-10 09:36:17.335907,0.0,0.0,75
2024-12-10 09:36:27.335907,0.0,0.0,75
2024-12-10 09:36:37.335907,0.0,0.0,75
2024-12-10 09:36:47.335907,0.0,0.0,75
2024-12-10 09:36:57.335907,0.0,0.0,75
2024-12-10 09:37:07.335907,0.0,0.0,75
2024-12-10 09:37:17.335907,0.0,0.0,75
2024-12-10 09:37:27.335907,0.0,0.0,75
2024-12-10 09:37:37.335907,0.0,0.0,75
2024-12-10 09:37:47.335907,0.0,0.0,75
2024-12-10 09:37:57.335907,0.0,0.0,75
2024-12-10 09:38:07.335907,0.0,0.0,75
2024-12-10 09:38:17.335907,0.0,0.0,75
2024-12-10 09:38:27.335907,0.0,0.0,75
2024-12-10 09:38:37.335907,0.0,0.0,75
2024-12-10 09:38:47.335907,0.0,18.788990825688074,75
2024-12-10 09:38:57.335907,0.0,0.0,75
2024-12-10 09:39:07.335907,0.0,0.0,75
2024-12-10 09:39:17.335907,0.0,0.0,75
2024-12-10 09:39:27.335907,0.0,0.0,75
2024-12-10 09:39:37.335907,0.0,0.0,75
2024-12-10 09:39:47.335907,0.0,0.0,75
2024-12-10 09:39:57.335907,0.0,0.0,75
2024-12-10 09:40:07.335907,0.0,0.0,75
2024-12-10 09:40:17.335907,0.0,0.0,75
2024-12-10 09:40:27.335907,0.0,0.0,75
2024-12-10 09:40:37.335907,0.0,0.0,75
2024-12-10 09:40:47.335907,0.0,0.0,75
2024-12-10 09:40:57.335907,0.0,0.0,75
2024-12-10 09:41:07.335907,0.0,0.0,75
2024-12-10 09:41:17.335907,0.0,0.0,75
2024-12-10 09:41:27.335907,0.0,0.0,75
2024-12-10 09:41:37.335907,0.0,0.0,75
2024-12-10 09:41:47.335907,0.0,0.0,75
2024-12-10 09:41:57.335907,0.0,0.0,75
2024-12-10 09:42:07.335907,0.0,0.0,75
2024-12-10 09:42:17.335907,0.0,0.0,75
2024-12-10 09:42:27.335907,0.0,0.0,75
2024-12-10 09:42:37.335907,0.0,0.0,75
2024-12-10 09:42:47.335907,0.0,0.0,75
2024-12-10 09:42:57.335907,0.0,0.0,75
2024-12-10 09:43:07.335907,0.0,0.0,75
2024-12-10 09:43:17.335907,0.0,0.0,75
2024-12-10 09:43:27.335907,0.0,0.0,75
2024-12-10 09:43:37.335907,0.0,0.0,75
2024-12-10 09:43:47.335907,0.0,0.0,75
2024-12-10 09:43:57.335907,0.0,0.0,75
2024-12-10 09:44:07.335907,0.0,0.0,75
2024-12-10 09:44:17.335907,0.0,0.0,75
2024-12-10 09:44:27.335907,0.0,0.0,75
2024-12-10 09:44:37.335907,0.0,0.0,75
2024-12-10 09:44:47.335907,0.0,0.0,75
2024-12-10 09:44:57.335907,0.0,0.0,75
2024-12-10 09:45:07.335907,0.0,0.0,75
2024-12-10 09:45:17.335907,0.0,0.0,75
2024-12-10 09:45:27.335907,0.0,0.0,75
2024-12-10 09:45:37.335907,0.0,0.0,75
2024-12-10 09:45:47.335907,0.0,0.0,75
2024-12-10 09:45:57.335907,0.0,0.0,75
2024-12-10 09:46:07.335907,0.0,0.0,75
2024-12-10 09:46:17.335907,0.0,0.0,75
2024-12-10 09:46:27.335907,0.0,0.0,75
2024-12-10 09:46:37.335907,0.0,0.0,75
2024-12-10 09:46:47.335907,0.0,0.0,75
2024-12-10 09:46:57.335907,0.0,0.0,75
2024-12-10 09:47:07.335907,0.0,0.0,75
2024-12-10 09:47:17.335907,0.0,0.0,75
2024-12-10 09:47:27.335907,0.0,0.0,75
2024-12-10 09:47:37.335907,0.0,0.0,75
2024-12-10 09:47:47.335907,0.0,0.0,75
2024-12-10 09:47:57.335907,0.0,0.0,75
2024-12-10 09:48:07.335907,0.0,0.0,75
2024-12-10 09:48:17.335907,0.0,0.0,75
2024-12-10 09:48:27.335907,0.0,0.0,75
2024-12-10 09:48:37.335907,0.0,0.0,75
2024-12-10 09:48:47.335907,0.0,0.0,75
2024-12-10 09:48:57.335907,0.0,0.0,75
2024-12-10 09:49:07.335907,0.0,0.0,75
2024-12-10 09:49:17.335907,0.0,0.0,75
2024-12-10 09:49:27.335907,0.0,0.0,75
2024-12-10 09:49:37.335907,0.0,0.0,75
2024-12-10 09:49:47.335907,0.0,0.0,75
2024-12-10 09:49:57.335907,0.0,0.0,75
2024-12-10 09:50:07.335907,0.0,0.0,75
2024-12-10 09:50:17.335907,0.0,0.0,75
2024-12-10 09:50:27.335907,0.0,0.0,75
2024-12-10 09:50:37.335907,0.0,0.0,75
2024-12-10 09:50:47.335907,0.0,0.0,75
2024-12-10 09:50:57.335907,0.0,0.0,75
2024-12-10 09:51:07.335907,0.0,0.0,75
2024-12-10 09:51:17.335907,0.0,0.0,75
2024-12-10 09:51:27.335907,0.0,0.0,75
2024-12-10 09:51:37.335907,0.0,0.0,75
2024-12-10 09:51:47.335907,0.0,0.0,75
2024-12-10 09:51:57.335907,0.0,0.0,75
2024-12-10 09:52:07.335907,0.0,0.0,75
2024-12-10 09:52:17.335907,0.0,0.0,75
2024-12-10 09:52:27.335907,0.0,0.0,75
2024-12-10 09:52:37.335907,0.0,0.0,75
2024-12-10 09:52:47.335907,0.0,0.0,75
2024-12-10 09:52:57.335907,0.0,0.0,75
2024-12-10 09:53:07.335907,0.0,0.0,75
2024-12-10 09:53:17.335907,0.0,0.0,75
2024-12-10 09:53:27.335907,0.0,0.0,75
2024-12-10 09:53:37.335907,0.0,0.0,75
2024-12-10 09:53:47.335907,0.0,0.0,75
2024-12-10 09:53:57.335907,0.0,0.0,75
2024-12-10 09:54:07.335907,0.0,0.0,75
2024-12-10 09:54:17.335907,0.0,0.0,75
2024-12-10 09:54:27.335907,0.0,0.0,75
2024-12-10 09:54:37.335907,0.0,0.0,75
2024-12-10 09:54:47.335907,0.0,0.0,75
2024-12-10 09:54:57.335907,0.0,0.0,75
2024-12-10 09:55:07.335907,0.0,0.0,75
2024-12-10 09:55:17.335907,0.0,0.0,75
2024-12-10 09:55:27.335907,0.0,0.0,75
2024-12-10 09:55:37.335907,0.0,0.0,75
2024-12-10 09:55:47.335907,0.0,0.0,75
2024-12-10 09:55:57.335907,0.0,0.0,75
2024-12-10 09:56:07.335907,0.0,0.0,75
2024-12-10 09:56:17.335907,0.0,0.0,75
2024-12-10 09:56:27.335907,0.0,0.0,75
2024-12-10 09:56:37.335907,0.0,0.0,75
2024-12-10 09:56:47.335907,0.0,0.0,75
2024-12-10 09:56:57.335907,0.0,0.0,75
2024-12-10 09:57:07.335907,0.0,0.0,75
2024-12-10 09:57:17.335907,0.0,0.0,75
2024-12-10 09:57:27.335907,0.0,0.0,75
2024-12-10 09:57:37.335907,0.0,0.0,75
2024-12-10 09:57:47.335907,0.0,0.0,75
2024-12-10 09:57:57.335907,0.0,0.0,75
2024-12-10 09:58:07.335907,0.0,0.0,75
2024-12-10 09:58:17.335907,0.0,0.0,75
2024-12-10 09:58:27.335907,0.0,0.0,75
2024-12-10 09:58:37.335907,0.0,0.0,75
2024-12-10 09:58:47.335907,0.0,0.0,75
2024-12-10 09:58:57.335907,0.0,0.0,75
2024-12-10 09:59:07.335907,0.0,0.0,75
2024-12-10 09:59:17.335907,0.0,0.0,75
2024-12-10 09:59:27.335907,0.0,0.0,75
2024-12-10 09:59:37.335907,0.0,0.0,75
2024-12-10 09:59:47.335907,0.0,0.0,75
2024-12-10 09:59:57.335907,0.0,0.0,75
2024-12-10 10:00:07.335907,0.0,0.0,75
2024-12-10 10:00:17.335907,0.0,0.0,75
2024-12-10 10:00:27.335907,0.0,0.0,75
2024-12-10 10:00:37.335907,0.0,0.0,75
2024-12-10 10:00:47.335907,0.0,0.0,75
2024-12-10 10:00:57.335907,0.0,0.0,75
2024-12-10 10:01:07.335907,0.0,0.0,75
2024-12-10 10:01:17.335907,0.0,0.0,75
2024-12-10 10:01:27.335907,0.0,0.0,75
2024-12-10 10:01:37.335907,0.0,0.0,75
2024-12-10 10:01:47.335907,0.0,0.0,75
2024-12-10 10:01:57.335907,0.0,0.0,75
2024-12-10 10:02:07.335907,0.0,0.0,75
2024-12-10 10:02:17.335907,0.0,0.0,75
2024-12-10 10:02:27.335907,0.0,0.0,75
2024-12-10 10:02:37.335907,0.0,0.0,75
2024-12-10 10:02:47.335907,0.0,0.0,75
2024-12-10 10:02:57.335907,0.0,0.0,75
2024-12-10 10:03:07.335907,0.0,0.0,75
2024-12-10 10:03:17.335907,0.0,0.0,75
2024-12-10 10:03:27.335907,0.0,0.0,75
2024-12-10 10:03:37.335907,0.0,0.0,75
2024-12-10 10:03:47.335907,0.0,0.0,75
2024-12-10 10:03:57.335907,0.0,0.0,75
2024-12-10 10:04:07.335907,0.0,0.0,75
2024-12-10 10:04:17.335907,0.0,0.0,75
2024-12-10 10:04:27.335907,0.0,0.0,75
2024-12-10 10:04:37.335907,0.0,0.0,75
2024-12-10 10:04:47.335907,0.0,0.0,75
2024-12-10 10:04:57.335907,0.0,0.0,75
2024-12-10 10:05:07.335907,0.0,0.0,75
2024-12-10 10:05:17.335907,0.0,0.0,75
2024-12-10 10:05:27.335907,0.0,0.0,75
2024-12-10 10:05:37.335907,0.0,0.0,75
2024-12-10 10:05:47.335907,0.0,0.0,75
2024-12-10 10:05:57.335907,0.0,0.0,75
2024-12-10 10:06:07.335907,0.0,0.0,75
2024-12-10 10:06:17.335907,0.0,0.0,75
2024-12-10 10:06:27.335907,0.0,0.0,75
2024-12-10 10:06:37.335907,0.0,0.0,75
2024-12-10 10:06:47.335907,0.0,0.0,75
2024-12-10 10:06:57.335907,0.0,0.0,75
2024-12-10 10:07:07.335907,0.0,0.0,75
2024-12-10 10:07:17.335907,0.0,0.0,75
2024-12-10 10:07:27.335907,0.0,0.0,75
2024-12-10 10:07:37.335907,0.0,0.0,75
2024-12-10 10:07:47.335907,0.0,0.0,75
2024-12-10 10:07:57.335907,0.0,0.0,75
2024-12-10 10:08:07.335907,0.0,0.0,75
2024-12-10 10:08:17.335907,0.0,0.0,75
2024-12-10 10:08:27.335907,0.0,0.0,75
2024-12-10 10:08:37.335907,0.0,0.0,75
2024-12-10 10:08:47.335907,0.0,0.0,75
2024-12-10 10:08:57.335907,0.0,0.0,75
2024-12-10 10:09:07.335907,0.0,0.0,75
2024-12-10 10:09:17.335907,0.0,0.0,75
2024-12-10 10:09:27.335907,0.0,0.0,75
2024-12-10 10:09:37.335907,0.0,0.0,75
2024-12-10 10:09:47.335907,0.0,0.0,75
2024-12-10 10:09:57.335907,0.0,0.0,75
2024-12-10 10:10:07.335907,0.0,0.0,75
2024-12-10 10:10:17.335907,0.0,0.0,75
2024-12-10 10:10:27.335907,0.0,0.0,75
2024-12-10 10:10:37.335907,0.0,0.0,75
2024-12-10 10:10:47.335907,0.0,0.0,75
2024-12-10 10:10:57.335907,0.0,0.0,75
2024-12-10 10:11:07.335907,0.0,0.0,75
2024-12-10 10:11:17.335907,0.0,0.0,75
2024-12-10 10:11:27.335907,0.0,0.0,75
2024-12-10 10:11:37.335907,0.0,0.0,75
2024-12-10 10:11:47.335907,0.0,0.0,75
2024-12-10 10:11:57.335907,0.0,0.0,75
2024-12-10 10:12:07.335907,0.0,0.0,75
2024-12-10 10:12:17.335907,0.0,0.0,75
2024-12-10 10:12:27.335907,0.0,0.0,75
2024-12-10 10:12:37.335907,0.0,0.0,75
2024-12-10 10:12:47.335907,0.0,0.0,75
2024-12-10 10:12:57.335907,0.0,0.0,75
2024-12-10 10:13:07.335907,0.0,0.0,75
2024-12-10 10:13:17.335907,0.0,0.0,75
2024-12-10 10:13:27.335907,0.0,0.0,75
2024-12-10 10:13:37.335907,0.0,0.0,75
2024-12-10 10:13:47.335907,0.0,0.0,75
2024-12-10 10:13:57.335907,0.0,0.0,75
2024-12-10 10:14:07.335907,0.0,0.0,75
2024-12-10 10:14:17.335907,0.0,0.0,75
2024-12-10 10:14:27.335907,0.0,0.0,75
2024-12-10 10:14:37.335907,0.0,0.0,75
2024-12-10 10:14:47.335907,0.0,0.0,75
2024-12-10 10:14:57.335907,0.0,0.0,75
2024-12-10 10:15:07.335907,0.0,0.0,75
2024-12-10 10:15:17.335907,0.0,0.0,75
2024-12-10 10:15:27.335907,0.0,0.0,75
2024-12-10 10:15:37.335907,0.0,0.0,75
2024-12-10 10:15:47.335907,0.0,0.0,75
2024-12-10 10:15:57.335907,0.0,0.0,75
2024-12-10 10:16:07.335907,0.0,0.0,75
2024-12-10 10:16:17.335907,0.0,0.0,75
2024-12-10 10:16:27.335907,0.0,0.0,75
2024-12-10 10:16:37.335907,0.0,0.0,75
2024-12-10 10:16:47.335907,0.0,0.0,75
2024-12-10 10:16:57.335907,0.0,0.0,75
2024-12-10 10:17:07.335907,0.0,0.0,75
2024-12-10 10:17:17.335907,0.0,0.0,75
2024-12-10 10:17:27.335907,0.0,0.0,75
2024-12-10 10:17:37.335907,0.0,0.0,75
2024-12-10 10:17:47.335907,0.0,0.0,75
2024-12-10 10:17:57.335907,0.0,0.0,75
2024-12-10 10:18:07.335907,0.0,0.0,75
2024-12-10 10:18:17.335907,0.0,0.0,75
2024-12-10 10:18:27.335907,0.0,0.0,75
2024-12-10 10:18:37.335907,0.0,0.0,75
2024-12-10 10:18:47.335907,0.0,0.0,75
2024-12-10 10:18:57.335907,0.0,0.0,75
2024-12-10 10:19:07.335907,0.0,0.0,75
2024-12-10 10:19:17.335907,0.0,0.0,75
2024-12-10 10:19:27.335907,0.0,0.0,75
2024-12-10 10:19:37.335907,0.0,0.0,75
2024-12-10 10:19:47.335907,0.0,0.0,75
2024-12-10 10:19:57.335907,0.0,0.0,75
2024-12-10 10:20:07.335907,0.0,0.0,75
2024-12-10 10:20:17.335907,0.0,0.0,75
2024-12-10 10:20:27.335907,0.0,0.0,75
2024-12-10 10:20:37.335907,0.0,0.0,75
2024-12-10 10:20:47.335907,0.0,0.0,75
2024-12-10 10:20:57.335907,0.0,0.0,75
2024-12-10 10:21:07.335907,0.0,0.0,75
2024-12-10 10:21:17.335907,0.0,0.0,75
2024-12-10 10:21:27.335907,0.0,0.0,75
2024-12-10 10:21:37.335907,0.0,0.0,75
2024-12-10 10:21:47.335907,0.0,0.0,75
2024-12-10 10:21:57.335907,0.0,0.0,75
2024-12-10 10:22:07.335907,0.0,0.0,75
2024-12-10 10:22:17.335907,0.0,0.0,75
2024-12-10 10:22:27.335907,0.0,0.0,75
2024-12-10 10:22:37.335907,0.0,0.0,75
2024-12-10 10:22:47.335907,0.0,0.0,75
2024-12-10 10:22:57.335907,0.0,0.0,75
2024-12-10 10:23:07.335907,0.0,0.0,75
2024-12-10 10:23:17.335907,0.0,0.0,75
2024-12-10 10:23:27.335907,0.0,0.0,75
2024-12-10 10:23:37.335907,0.0,0.0,75
2024-12-10 10:23:47.335907,0.0,0.0,75
2024-12-10 10:23:57.335907,0.0,0.0,75
2024-12-10 10:24:07.335907,0.0,0.0,75
2024-12-10 10:24:17.335907,0.0,0.0,75
2024-12-10 10:24:27.335907,0.0,0.0,75
2024-12-10 10:24:37.335907,0.0,0.0,75
2024-12-10 10:24:47.335907,0.0,0.0,75
2024-12-10 10:24:57.335907,0.0,0.0,75
2024-12-10 10:25:07.335907,0.0,0.0,75
2024-12-10 10:25:17.335907,0.0,0.0,75
2024-12-10 10:25:27.335907,0.0,0.0,75
2024-12-10 10:25:37.335907,0.0,0.0,75
2024-12-10 10:25:47.335907,0.0,0.0,75
2024-12-10 10:25:57.335907,0.0,0.0,75
2024-12-10 10:26:07.335907,0.0,0.0,75
2024-12-10 10:26:17.335907,0.0,0.0,75
2024-12-10 10:26:27.335907,0.0,0.0,75
2024-12-10 10:26:37.335907,0.0,0.0,75
2024-12-10 10:26:47.335907,0.0,0.0,75
2024-12-10 10:26:57.335907,0.0,0.0,75
2024-12-10 10:27:07.335907,0.0,0.0,75
2024-12-10 10:27:17.335907,0.0,0.0,75
2024-12-10 10:27:27.335907,0.0,0.0,75
2024-12-10 10:27:37.335907,0.0,0.0,75
2024-12-10 10:27:47.335907,0.0,0.0,75
2024-12-10 10:27:57.335907,0.0,0.0,75
2024-12-10 10:28:07.335907,0.0,0.0,75
2024-12-10 10:28:17.335907,0.0,0.0,75
2024-12-10 10:28:27.335907,0.0,0.0,75
2024-12-10 10:28:37.335907,0.0,0.0,75
2024-12-10 10:28:47.335907,0.0,0.0,75
2024-12-10 10:28:57.335907,0.0,0.0,75
2024-12-10 10:29:07.335907,0.0,0.0,75
2024-12-10 10:29:17.335907,0.0,0.0,75
2024-12-10 10:29:27.335907,0.0,0.0,75
2024-12-10 10:29:37.335907,0.0,0.0,75
2024-12-10 10:29:47.335907,0.0,0.0,75
2024-12-10 10:29:57.335907,0.0,0.0,75
2024-12-10 10:30:07.335907,0.0,0.0,75
2024-12-10 10:30:17.335907,0.0,0.0,75
2024-12-10 10:30:27.335907,0.0,0.0,75
2024-12-10 10:30:37.335907,0.0,0.0,75
2024-12-10 10:30:47.335907,0.0,0.0,75
2024-12-10 10:30:57.335907,0.0,0.0,75
2024-12-10 10:31:07.335907,0.0,0.0,75
2024-12-10 10:31:17.335907,0.0,0.0,75
2024-12-10 10:31:27.335907,0.0,0.0,75
2024-12-10 10:31:37.335907,0.0,0.0,75
2024-12-10 10:31:47.335907,0.0,0.0,75
2024-12-10 10:31:57.335907,0.0,0.0,75
2024-12-10 10:32:07.335907,0.0,0.0,75
2024-12-10 10:32:17.335907,0.0,0.0,75
2024-12-10 10:32:27.335907,0.0,0.0,75
2024-12-10 10:32:37.335907,0.0,0.0,75
2024-12-10 10:32:47.335907,0.0,0.0,75
2024-12-10 10:32:57.335907,0.0,0.0,75
2024-12-10 10:33:07.335907,0.0,0.0,75
2024-12-10 10:33:17.335907,0.0,0.0,75
2024-12-10 10:33:27.335907,0.0,0.0,75
2024-12-10 10:33:37.335907,0.0,0.0,75
2024-12-10 10:33:47.335907,0.0,0.0,75
2024-12-10 10:33:57.335907,0.0,0.0,75
2024-12-10 10:34:07.335907,0.0,0.0,75
2024-12-10 10:34:17.335907,0.0,0.0,75
2024-12-10 10:34:27.335907,0.0,0.0,75
2024-12-10 10:34:37.335907,0.0,0.0,75
2024-12-10 10:34:47.335907,0.0,0.0,75
2024-12-10 10:34:57.335907,0.0,0.0,75
2024-12-10 10:35:07.335907,0.0,0.0,75
2024-12-10 10:35:17.335907,0.0,0.0,75
2024-12-10 10:35:27.335907,0.0,0.0,75
2024-12-10 10:35:37.335907,0.0,0.0,75
2024-12-10 10:35:47.335907,0.0,0.0,75
2024-12-10 10:35:57.335907,0.0,0.0,75
2024-12-10 10:36:07.335907,0.0,0.0,75
2024-12-10 10:36:17.335907,0.0,0.0,75
2024-12-10 10:36:27.335907,0.0,0.0,75
2024-12-10 10:36:37.335907,0.0,0.0,75
2024-12-10 10:36:47.335907,0.0,0.0,75
2024-12-10 10:36:57.335907,0.0,0.0,75
2024-12-10 10:37:07.335907,0.0,0.0,75
2024-12-10 10:37:17.335907,0.0,0.0,75
2024-12-10 10:37:27.335907,0.0,0.0,75
2024-12-10 10:37:37.335907,0.0,0.0,75
2024-12-10 10:37:47.335907,0.0,0.0,75
2024-12-10 10:37:57.335907,0.0,0.0,75
2024-12-10 10:38:07.335907,0.0,0.0,75
2024-12-10 10:38:17.335907,0.0,0.0,75
2024-12-10 10:38:27.335907,0.0,0.0,75
2024-12-10 10:38:37.335907,0.0,0.0,75
2024-12-10 10:38:47.335907,0.0,0.0,75
2024-12-10 10:38:57.335907,0.0,0.0,75
2024-12-10 10:39:07.335907,0.0,0.0,75
2024-12-10 10:39:17.335907,0.0,0.0,75
2024-12-10 10:39:27.335907,0.0,0.0,75
2024-12-10 10:39:37.335907,0.0,0.0,75
2024-12-10 10:39:47.335907,0.0,0.0,75
2024-12-10 10:39:57.335907,0.0,0.0,75
2024-12-10 10:40:07.335907,0.0,0.0,75
2024-12-10 10:40:17.335907,0.0,0.0,75
2024-12-10 10:40:27.335907,0.0,0.0,75
2024-12-10 10:40:37.335907,0.0,0.0,75
2024-12-10 10:40:47.335907,0.0,0.0,75
2024-12-10 10:40:57.335907,0.0,0.0,75
2024-12-10 10:41:07.335907,0.0,0.0,75
2024-12-10 10:41:17.335907,0.0,0.0,75
2024-12-10 10:41:27.335907,0.0,0.0,75
2024-12-10 10:41:37.335907,0.0,0.0,75
2024-12-10 10:41:47.335907,0.0,0.0,75
2024-12-10 10:41:57.335907,0.0,0.0,75
2024-12-10 10:42:07.335907,0.0,0.0,75
2024-12-10 10:42:17.335907,0.0,0.0,75
2024-12-10 10:42:27.335907,0.0,0.0,75
2024-12-10 10:42:37.335907,0.0,0.0,75
2024-12-10 10:42:47.335907,0.0,0.0,75
2024-12-10 10:42:57.335907,0.0,0.0,75
2024-12-10 10:43:07.335907,0.0,0.0,75
2024-12-10 10:43:17.335907,0.0,0.0,75
2024-12-10 10:43:27.335907,0.0,0.0,75
2024-12-10 10:43:37.335907,0.0,0.0,75
2024-12-10 10:43:47.335907,0.0,0.0,75
2024-12-10 10:43:57.335907,0.0,0.0,75
2024-12-10 10:44:07.335907,0.0,0.0,75
2024-12-10 10:44:17.335907,0.0,0.0,75
2024-12-10 10:44:27.335907,0.0,0.0,75
2024-12-10 10:44:37.335907,0.0,0.0,75
2024-12-10 10:44:47.335907,0.0,0.0,75
2024-12-10 10:44:57.335907,0.0,0.0,75
2024-12-10 10:45:07.335907,0.0,0.0,75
2024-12-10 10:45:17.335907,0.0,0.0,75
2024-12-10 10:45:27.335907,0.0,0.0,75
2024-12-10 10:45:37.335907,0.0,0.0,75
2024-12-10 10:45:47.335907,0.0,0.0,75
2024-12-10 10:45:57.335907,0.0,0.0,75
2024-12-10 10:46:07.335907,0.0,0.0,75
2024-12-10 10:46:17.335907,0.0,0.0,75
2024-12-10 10:46:27.335907,0.0,0.0,75
2024-12-10 10:46:37.335907,0.0,0.0,75
2024-12-10 10:46:47.335907,0.0,0.0,75
2024-12-10 10:46:57.335907,0.0,0.0,75
2024-12-10 10:47:07.335907,0.0,0.0,75
2024-12-10 10:47:17.335907,0.0,0.0,75
2024-12-10 10:47:27.335907,0.0,0.0,75
2024-12-10 10:47:37.335907,0.0,0.0,75
2024-12-10 10:47:47.335907,0.0,0.0,75
2024-12-10 10:47:57.335907,0.0,0.0,75
2024-12-10 10:48:07.335907,0.0,0.0,75
2024-12-10 10:48:17.335907,0.0,0.0,75
2024-12-10 10:48:27.335907,0.0,0.0,75
2024-12-10 10:48:37.335907,0.0,0.0,75
2024-12-10 10:48:47.335907,0.0,0.0,75
2024-12-10 10:48:57.335907,0.0,0.0,75
2024-12-10 10:49:07.335907,0.0,0.0,75
2024-12-10 10:49:17.335907,0.0,0.0,75
2024-12-10 10:49:27.335907,0.0,0.0,75
2024-12-10 10:49:37.335907,0.0,0.0,75
2024-12-10 10:49:47.335907,0.0,0.0,75
2024-12-10 10:49:57.335907,0.0,0.0,75
2024-12-10 10:50:07.335907,0.0,0.0,75
2024-12-10 10:50:17.335907,0.0,0.0,75
2024-12-10 10:50:27.335907,0.0,0.0,75
2024-12-10 10:50:37.335907,0.0,0.0,75
2024-12-10 10:50:47.335907,0.0,0.0,75
2024-12-10 10:50:57.335907,0.0,0.0,75
2024-12-10 10:51:07.335907,0.0,0.0,75
2024-12-10 10:51:17.335907,0.0,0.0,75
2024-12-10 10:51:27.335907,0.0,0.0,75
2024-12-10 10:51:37.335907,0.0,0.0,75
2024-12-10 10:51:47.335907,0.0,0.0,75
2024-12-10 10:51:57.335907,0.0,0.0,75
2024-12-10 10:52:07.335907,0.0,0.0,75
2024-12-10 10:52:17.335907,0.0,0.0,75
2024-12-10 10:52:27.335907,0.0,0.0,75
2024-12-10 10:52:37.335907,0.0,0.0,75
2024-12-10 10:52:47.335907,0.0,0.0,75
2024-12-10 10:52:57.335907,0.0,0.0,75
2024-12-10 10:53:07.335907,0.0,0.0,75
2024-12-10 10:53:17.335907,0.0,0.0,75
2024-12-10 10:53:27.335907,0.0,0.0,75
2024-12-10 10:53:37.335907,0.0,0.0,75
2024-12-10 10:53:47.335907,0.0,0.0,75
2024-12-10 10:53:57.335907,0.0,0.0,75
2024-12-10 10:54:07.335907,0.0,0.0,75
2024-12-10 10:54:17.335907,0.0,0.0,75
2024-12-10 10:54:27.335907,0.0,0.0,75
2024-12-10 10:54:37.335907,0.0,0.0,75
2024-12-10 10:54:47.335907,0.0,0.0,75
2024-12-10 10:54:57.335907,0.0,0.0,75
2024-12-10 10:55:07.335907,0.0,0.0,75
2024-12-10 10:55:17.335907,0.0,0.0,75
2024-12-10 10:55:27.335907,0.0,0.0,75
2024-12-10 10:55:37.335907,0.0,0.0,75
2024-12-10 10:55:47.335907,0.0,0.0,75
2024-12-10 10:55:57.335907,0.0,0.0,75
2024-12-10 10:56:07.335907,0.0,0.0,75
2024-12-10 10:56:17.335907,0.0,0.0,75
2024-12-10 10:56:27.335907,0.0,0.0,75
2024-12-10 10:56:37.335907,0.0,0.0,75
2024-12-10 10:56:47.335907,0.0,0.0,75
2024-12-10 10:56:57.335907,0.0,0.0,75
2024-12-10 10:57:07.335907,0.0,0.0,75
2024-12-10 10:57:17.335907,0.0,0.0,75
2024-12-10 10:57:27.335907,0.0,0.0,75
2024-12-10 10:57:37.335907,0.0,0.0,75
2024-12-10 10:57:47.335907,0.0,0.0,75
2024-12-10 10:57:57.335907,0.0,0.0,75
2024-12-10 10:58:07.335907,0.0,0.0,75
2024-12-10 10:58:17.335907,0.0,0.0,75
2024-12-10 10:58:27.335907,0.0,0.0,75
2024-12-10 10:58:37.335907,0.0,0.0,75
2024-12-10 10:58:47.335907,0.0,0.0,75
2024-12-10 10:58:57.335907,0.0,0.0,75
2024-12-10 10:59:07.335907,0.0,0.0,75
2024-12-10 10:59:17.335907,0.0,0.0,75
2024-12-10 10:59:27.335907,0.0,0.0,75
2024-12-10 10:59:37.335907,0.0,0.0,75
2024-12-10 10:59:47.335907,0.0,0.0,75
2024-12-10 10:59:57.335907,0.0,0.0,75
2024-12-10 11:00:07.335907,0.0,0.0,75
2024-12-10 11:00:17.335907,0.0,0.0,75
2024-12-10 11:00:27.335907,0.0,0.0,75
2024-12-10 11:00:37.335907,0.0,0.0,75
2024-12-10 11:00:47.335907,0.0,0.0,75
2024-12-10 11:00:57.335907,0.0,0.0,75
2024-12-10 11:01:07.335907,0.0,0.0,75
2024-12-10 11:01:17.335907,0.0,0.0,75
2024-12-10 11:01:27.335907,0.0,0.0,75
2024-12-10 11:01:37.335907,0.0,0.0,75
2024-12-10 11:01:47.335907,0.0,0.0,75
2024-12-10 11:01:57.335907,0.0,0.0,75
2024-12-10 11:02:07.335907,0.0,0.0,75
2024-12-10 11:02:17.335907,0.0,0.0,75
2024-12-10 11:02:27.335907,0.0,0.0,75
2024-12-10 11:02:37.335907,0.0,0.0,75
2024-12-10 11:02:47.335907,0.0,0.0,75
2024-12-10 11:02:57.335907,0.0,0.0,75
2024-12-10 11:03:07.335907,0.0,0.0,75
2024-12-10 11:03:17.335907,0.0,0.0,75
2024-12-10 11:03:27.335907,0.0,0.0,75
2024-12-10 11:03:37.335907,0.0,0.0,75
2024-12-10 11:03:47.335907,0.0,0.0,75
2024-12-10 11:03:57.335907,0.0,0.0,75
2024-12-10 11:04:07.335907,0.0,0.0,75
2024-12-10 11:04:17.335907,0.0,0.0,75
2024-12-10 11:04:27.335907,0.0,0.0,75
2024-12-10 11:04:37.335907,0.0,0.0,75
2024-12-10 11:04:47.335907,0.0,0.0,75
2024-12-10 11:04:57.335907,0.0,0.0,75
2024-12-10 11:05:07.335907,0.0,0.0,75
2024-12-10 11:05:17.335907,0.0,0.0,75
2024-12-10 11:05:27.335907,0.0,0.0,75
2024-12-10 11:05:37.335907,0.0,0.0,75
2024-12-10 11:05:47.335907,0.0,0.0,75
2024-12-10 11:05:57.335907,0.0,0.0,75
2024-12-10 11:06:07.335907,0.0,0.0,75
2024-12-10 11:06:17.335907,0.0,0.0,75
2024-12-10 11:06:27.335907,0.0,0.0,75
2024-12-10 11:06:37.335907,0.0,0.0,75
2024-12-10 11:06:47.335907,28.845070422535212,0.0,75
2024-12-10 11:06:57.335907,0.0,0.0,75
2024-12-10 11:07:07.335907,0.0,0.0,75
2024-12-10 11:07:17.335907,0.0,0.0,75
2024-12-10 11:07:27.335907,0.0,0.0,75
2024-12-10 11:07:37.335907,0.0,0.0,75
2024-12-10 11:07:47.335907,0.0,0.0,75
2024-12-10 11:07:57.335907,0.0,0.0,75
2024-12-10 11:08:07.335907,0.0,0.0,75
2024-12-10 11:08:17.335907,0.0,0.0,75
2024-12-10 11:08:27.335907,0.0,0.0,75
2024-12-10 11:08:37.335907,0.0,0.0,75
2024-12-10 11:08:47.335907,0.0,0.0,75
2024-12-10 11:08:57.335907,0.0,0.0,75
2024-12-10 11:09:07.335907,0.0,0.0,75
2024-12-10 11:09:17.335907,0.0,0.0,75
2024-12-10 11:09:27.335907,0.0,0.0,75
2024-12-10 11:09:37.335907,0.0,0.0,75
2024-12-10 11:09:47.335907,0.0,0.0,75
2024-12-10 11:09:57.335907,0.0,0.0,75
2024-12-10 11:10:07.335907,0.0,0.0,75
2024-12-10 11:10:17.335907,0.0,0.0,75
2024-12-10 11:10:27.335907,0.0,0.0,75
2024-12-10 11:10:37.335907,0.0,0.0,75
2024-12-10 11:10:47.335907,0.0,0.0,75
2024-12-10 11:10:57.335907,0.0,0.0,75
2024-12-10 11:11:07.335907,0.0,0.0,75
2024-12-10 11:11:17.335907,0.0,0.0,75
2024-12-10 11:11:27.335907,0.0,0.0,75
2024-12-10 11:11:37.335907,0.0,0.0,75
2024-12-10 11:11:47.335907,0.0,0.0,75
2024-12-10 11:11:57.335907,0.0,0.0,75
2024-12-10 11:12:07.335907,0.0,0.0,75
2024-12-10 11:12:17.335907,0.0,0.0,75
2024-12-10 11:12:27.335907,0.0,0.0,75
2024-12-10 11:12:37.335907,0.0,0.0,75
2024-12-10 11:12:47.335907,0.0,0.0,75
2024-12-10 11:12:57.335907,0.0,0.0,75
2024-12-10 11:13:07.335907,0.0,0.0,75
2024-12-10 11:13:17.335907,0.0,0.0,75
2024-12-10 11:13:27.335907,0.0,0.0,75
2024-12-10 11:13:37.335907,0.0,0.0,75
2024-12-10 11:13:47.335907,0.0,0.0,75
2024-12-10 11:13:57.335907,0.0,0.0,75
2024-12-10 11:14:07.335907,0.0,0.0,75
2024-12-10 11:14:17.335907,0.0,0.0,75
2024-12-10 11:14:27.335907,0.0,0.0,75
2024-12-10 11:14:37.335907,0.0,0.0,75
2024-12-10 11:14:47.335907,0.0,0.0,75
2024-12-10 11:14:57.335907,0.0,0.0,75
2024-12-10 11:15:07.335907,0.0,0.0,75
2024-12-10 11:15:17.335907,0.0,0.0,75
2024-12-10 11:15:27.335907,0.0,0.0,75
2024-12-10 11:15:37.335907,0.0,0.0,75
2024-12-10 11:15:47.335907,0.0,0.0,75
2024-12-10 11:15:57.335907,0.0,0.0,75
2024-12-10 11:16:07.335907,0.0,0.0,75
2024-12-10 11:16:17.335907,0.0,0.0,75
2024-12-10 11:16:27.335907,0.0,0.0,75
2024-12-10 11:16:37.335907,0.0,0.0,75
2024-12-10 11:16:47.335907,0.0,0.0,75
2024-12-10 11:16:57.335907,0.0,0.0,75
2024-12-10 11:17:07.335907,0.0,0.0,75
2024-12-10 11:17:17.335907,0.0,0.0,75
2024-12-10 11:17:27.335907,0.0,0.0,75
2024-12-10 11:17:37.335907,0.0,0.0,75
2024-12-10 11:17:47.335907,0.0,0.0,75
2024-12-10 11:17:57.335907,0.0,0.0,75
2024-12-10 11:18:07.335907,0.0,0.0,75
2024-12-10 11:18:17.335907,0.0,0.0,75
2024-12-10 11:18:27.335907,0.0,0.0,75
2024-12-10 11:18:37.335907,0.0,0.0,75
2024-12-10 11:18:47.335907,0.0,0.0,75
2024-12-10 11:18:57.335907,0.0,0.0,75
2024-12-10 11:19:07.335907,0.0,0.0,75
2024-12-10 11:19:17.335907,0.0,0.0,75
2024-12-10 11:19:27.335907,0.0,0.0,75
2024-12-10 11:19:37.335907,0.0,0.0,75
2024-12-10 11:19:47.335907,0.0,0.0,75
2024-12-10 11:19:57.335907,0.0,0.0,75
2024-12-10 11:20:07.335907,0.0,0.0,75
2024-12-10 11:20:17.335907,0.0,0.0,75
2024-12-10 11:20:27.335907,0.0,0.0,75
2024-12-10 11:20:37.335907,0.0,0.0,75
2024-12-10 11:20:47.335907,0.0,0.0,75
2024-12-10 11:20:57.335907,0.0,0.0,75
2024-12-10 11:21:07.335907,0.0,0.0,75
2024-12-10 11:21:17.335907,0.0,0.0,75
2024-12-10 11:21:27.335907,0.0,0.0,75
2024-12-10 11:21:37.335907,0.0,0.0,75
2024-12-10 11:21:47.335907,0.0,0.0,75
2024-12-10 11:21:57.335907,0.0,0.0,75
2024-12-10 11:22:07.335907,0.0,0.0,75
2024-12-10 11:22:17.335907,0.0,0.0,75
2024-12-10 11:22:27.335907,0.0,0.0,75
2024-12-10 11:22:37.335907,0.0,0.0,75
2024-12-10 11:22:47.335907,0.0,0.0,75
2024-12-10 11:22:57.335907,0.0,0.0,75
2024-12-10 11:23:07.335907,0.0,0.0,75
2024-12-10 11:23:17.335907,0.0,0.0,75
2024-12-10 11:23:27.335907,0.0,0.0,75
2024-12-10 11:23:37.335907,0.0,0.0,75
2024-12-10 11:23:47.335907,0.0,0.0,75
2024-12-10 11:23:57.335907,0.0,0.0,75
2024-12-10 11:24:07.335907,0.0,0.0,75
2024-12-10 11:24:17.335907,0.0,0.0,75
2024-12-10 11:24:27.335907,0.0,0.0,75
2024-12-10 11:24:37.335907,0.0,0.0,75
2024-12-10 11:24:47.335907,0.0,0.0,75
2024-12-10 11:24:57.335907,0.0,0.0,75
2024-12-10 11:25:07.335907,0.0,0.0,75
2024-12-10 11:25:17.335907,0.0,0.0,75
2024-12-10 11:25:27.335907,0.0,0.0,75
2024-12-10 11:25:37.335907,0.0,0.0,75
2024-12-10 11:25:47.335907,0.0,0.0,75
2024-12-10 11:25:57.335907,0.0,0.0,75
2024-12-10 11:26:07.335907,0.0,0.0,75
2024-12-10 11:26:17.335907,0.0,0.0,75
2024-12-10 11:26:27.335907,0.0,0.0,75
2024-12-10 11:26:37.335907,0.0,0.0,75
2024-12-10 11:26:47.335907,0.0,0.0,75
2024-12-10 11:26:57.335907,0.0,0.0,75
2024-12-10 11:27:07.335907,0.0,0.0,75
2024-12-10 11:27:17.335907,0.0,0.0,75
2024-12-10 11:27:27.335907,0.0,0.0,75
2024-12-10 11:27:37.335907,0.0,0.0,75
2024-12-10 11:27:47.335907,0.0,0.0,75
2024-12-10 11:27:57.335907,0.0,0.0,75
2024-12-10 11:28:07.335907,0.0,0.0,75
2024-12-10 11:28:17.335907,0.0,0.0,75
2024-12-10 11:28:27.335907,0.0,0.0,75
2024-12-10 11:28:37.335907,0.0,0.0,75
2024-12-10 11:28:47.335907,0.0,0.0,75
2024-12-10 11:28:57.335907,0.0,0.0,75
2024-12-10 11:29:07.335907,0.0,0.0,75
2024-12-10 11:29:17.335907,0.0,0.0,75
2024-12-10 11:29:27.335907,0.0,0.0,75
2024-12-10 11:29:37.335907,0.0,0.0,75
2024-12-10 11:29:47.335907,0.0,0.0,75
2024-12-10 11:29:57.335907,0.0,0.0,75
2024-12-10 11:30:07.335907,0.0,0.0,75
2024-12-10 11:30:17.335907,0.0,0.0,75
2024-12-10 11:30:27.335907,0.0,0.0,75
2024-12-10 11:30:37.335907,0.0,0.0,75
2024-12-10 11:30:47.335907,0.0,0.0,75
2024-12-10 11:30:57.335907,0.0,0.0,75
2024-12-10 11:31:07.335907,0.0,0.0,75
2024-12-10 11:31:17.335907,0.0,0.0,75
2024-12-10 11:31:27.335907,0.0,0.0,75
2024-12-10 11:31:37.335907,0.0,0.0,75
2024-12-10 11:31:47.335907,0.0,0.0,75
2024-12-10 11:31:57.335907,0.0,0.0,75
2024-12-10 11:32:07.335907,0.0,0.0,75
2024-12-10 11:32:17.335907,0.0,0.0,75
2024-12-10 11:32:27.335907,0.0,0.0,75
2024-12-10 11:32:37.335907,0.0,0.0,75
2024-12-10 11:32:47.335907,0.0,0.0,75
2024-12-10 11:32:57.335907,0.0,0.0,75
2024-12-10 11:33:07.335907,0.0,0.0,75
2024-12-10 11:33:17.335907,0.0,0.0,75
2024-12-10 11:33:27.335907,0.0,0.0,75
2024-12-10 11:33:37.335907,0.0,0.0,75
2024-12-10 11:33:47.335907,0.0,0.0,75
2024-12-10 11:33:57.335907,0.0,0.0,75
2024-12-10 11:34:07.335907,0.0,0.0,75
2024-12-10 11:34:17.335907,0.0,0.0,75
2024-12-10 11:34:27.335907,0.0,0.0,75
2024-12-10 11:34:37.335907,0.0,0.0,75
2024-12-10 11:34:47.335907,0.0,0.0,75
2024-12-10 11:34:57.335907,0.0,0.0,75
2024-12-10 11:35:07.335907,0.0,0.0,75
2024-12-10 11:35:17.335907,0.0,0.0,75
2024-12-10 11:35:27.335907,0.0,0.0,75
2024-12-10 11:35:37.335907,0.0,0.0,75
2024-12-10 11:35:47.335907,0.0,0.0,75
2024-12-10 11:35:57.335907,0.0,0.0,75
2024-12-10 11:36:07.335907,0.0,0.0,75
2024-12-10 11:36:17.335907,0.0,0.0,75
2024-12-10 11:36:27.335907,0.0,0.0,75
2024-12-10 11:36:37.335907,0.0,0.0,75
2024-12-10 11:36:47.335907,0.0,0.0,75
2024-12-10 11:36:57.335907,0.0,0.0,75
2024-12-10 11:37:07.335907,0.0,0.0,75
2024-12-10 11:37:17.335907,0.0,0.0,75
2024-12-10 11:37:27.335907,0.0,0.0,75
2024-12-10 11:37:37.335907,0.0,0.0,75
2024-12-10 11:37:47.335907,0.0,0.0,75
2024-12-10 11:37:57.335907,0.0,0.0,75
2024-12-10 11:38:07.335907,0.0,0.0,75
2024-12-10 11:38:17.335907,0.0,0.0,75
2024-12-10 11:38:27.335907,0.0,0.0,75
2024-12-10 11:38:37.335907,0.0,0.0,75
2024-12-10 11:38:47.335907,0.0,0.0,75
2024-12-10 11:38:57.335907,0.0,0.0,75
2024-12-10 11:39:07.335907,0.0,0.0,75
2024-12-10 11:39:17.335907,0.0,0.0,75
2024-12-10 11:39:27.335907,0.0,0.0,75
2024-12-10 11:39:37.335907,0.0,0.0,75
2024-12-10 11:39:47.335907,0.0,0.0,75
2024-12-10 11:39:57.335907,0.0,0.0,75
2024-12-10 11:40:07.335907,0.0,0.0,75
2024-12-10 11:40:17.335907,0.0,0.0,75
2024-12-10 11:40:27.335907,0.0,0.0,75
2024-12-10 11:40:37.335907,0.0,0.0,75
2024-12-10 11:40:47.335907,0.0,0.0,75
2024-12-10 11:40:57.335907,0.0,0.0,75
2024-12-10 11:41:07.335907,0.0,0.0,75
2024-12-10 11:41:17.335907,0.0,0.0,75
2024-12-10 11:41:27.335907,0.0,0.0,75
2024-12-10 11:41:37.335907,0.0,0.0,75
2024-12-10 11:41:47.335907,0.0,0.0,75
2024-12-10 11:41:57.335907,0.0,0.0,75
2024-12-10 11:42:07.335907,0.0,0.0,75
2024-12-10 11:42:17.335907,0.0,0.0,75
2024-12-10 11:42:27.335907,0.0,0.0,75
2024-12-10 11:42:37.335907,0.0,0.0,75
2024-12-10 11:42:47.335907,0.0,0.0,75
2024-12-10 11:42:57.335907,0.0,0.0,75
2024-12-10 11:43:07.335907,0.0,0.0,75
2024-12-10 11:43:17.335907,0.0,0.0,75
2024-12-10 11:43:27.335907,0.0,0.0,75
2024-12-10 11:43:37.335907,0.0,0.0,75
2024-12-10 11:43:47.335907,0.0,0.0,75
2024-12-10 11:43:57.335907,0.0,0.0,75
2024-12-10 11:44:07.335907,0.0,0.0,75
2024-12-10 11:44:17.335907,0.0,0.0,75
2024-12-10 11:44:27.335907,0.0,0.0,75
2024-12-10 11:44:37.335907,0.0,0.0,75
2024-12-10 11:44:47.335907,0.0,0.0,75
2024-12-10 11:44:57.335907,0.0,0.0,75
2024-12-10 11:45:07.335907,0.0,0.0,75
2024-12-10 11:45:17.335907,0.0,0.0,75
2024-12-10 11:45:27.335907,0.0,0.0,75
2024-12-10 11:45:37.335907,0.0,0.0,75
2024-12-10 11:45:47.335907,0.0,0.0,75
2024-12-10 11:45:57.335907,0.0,0.0,75
2024-12-10 11:46:07.335907,0.0,0.0,75
2024-12-10 11:46:17.335907,0.0,0.0,75
2024-12-10 11:46:27.335907,0.0,0.0,75
2024-12-10 11:46:37.335907,0.0,0.0,75
2024-12-10 11:46:47.335907,0.0,0.0,75
2024-12-10 11:46:57.335907,0.0,0.0,75
2024-12-10 11:47:07.335907,0.0,0.0,75
2024-12-10 11:47:17.335907,0.0,0.0,75
2024-12-10 11:47:27.335907,0.0,0.0,75
2024-12-10 11:47:37.335907,0.0,0.0,75
2024-12-10 11:47:47.335907,0.0,0.0,75
2024-12-10 11:47:57.335907,0.0,0.0,75
2024-12-10 11:48:07.335907,0.0,0.0,75
2024-12-10 11:48:17.335907,0.0,0.0,75
2024-12-10 11:48:27.335907,0.0,0.0,75
2024-12-10 11:48:37.335907,0.0,0.0,75
2024-12-10 11:48:47.335907,0.0,0.0,75
2024-12-10 11:48:57.335907,0.0,0.0,75
2024-12-10 11:49:07.335907,0.0,0.0,75
2024-12-10 11:49:17.335907,0.0,0.0,75
2024-12-10 11:49:27.335907,0.0,47.44401544401544,75
2024-12-10 11:49:37.335907,0.0,0.0,75
2024-12-10 11:49:47.335907,0.0,0.0,75
2024-12-10 11:49:57.335907,0.0,0.0,75
2024-12-10 11:50:07.335907,0.0,0.0,75
2024-12-10 11:50:17.335907,0.0,0.0,75
2024-12-10 11:50:27.335907,0.0,0.0,75
2024-12-10 11:50:37.335907,0.0,0.0,75
2024-12-10 11:50:47.335907,0.0,0.0,75
2024-12-10 11:50:57.335907,0.0,0.0,75
2024-12-10 11:51:07.335907,0.0,0.0,75
2024-12-10 11:51:17.335907,0.0,0.0,75
2024-12-10 11:51:27.335907,0.0,0.0,75
2024-12-10 11:51:37.335907,0.0,0.0,75
2024-12-10 11:51:47.335907,0.0,0.0,75
2024-12-10 11:51:57.335907,0.0,0.0,75
2024-12-10 11:52:07.335907,0.0,0.0,75
2024-12-10 11:52:17.335907,0.0,0.0,75
2024-12-10 11:52:27.335907,0.0,0.0,75
2024-12-10 11:52:37.335907,0.0,0.0,75
2024-12-10 11:52:47.335907,0.0,0.0,75
2024-12-10 11:52:57.335907,0.0,0.0,75
2024-12-10 11:53:07.335907,0.0,0.0,75
2024-12-10 11:53:17.335907,0.0,0.0,75
2024-12-10 11:53:27.335907,0.0,0.0,75
2024-12-10 11:53:37.335907,0.0,0.0,75
2024-12-10 11:53:47.335907,0.0,0.0,75
2024-12-10 11:53:57.335907,0.0,0.0,75
2024-12-10 11:54:07.335907,0.0,0.0,75
2024-12-10 11:54:17.335907,0.0,0.0,75
2024-12-10 11:54:27.335907,0.0,0.0,75
2024-12-10 11:54:37.335907,0.0,0.0,75
2024-12-10 11:54:47.335907,0.0,0.0,75
2024-12-10 11:54:57.335907,0.0,0.0,75
2024-12-10 11:55:07.335907,0.0,0.0,75
2024-12-10 11:55:17.335907,0.0,0.0,75
2024-12-10 11:55:27.335907,0.0,0.0,75
2024-12-10 11:55:37.335907,0.0,0.0,75
2024-12-10 11:55:47.335907,0.0,0.0,75
2024-12-10 11:55:57.335907,0.0,0.0,75
2024-12-10 11:56:07.335907,0.0,0.0,75
2024-12-10 11:56:17.335907,0.0,0.0,75
2024-12-10 11:56:27.335907,0.0,0.0,75
2024-12-10 11:56:37.335907,0.0,0.0,75
2024-12-10 11:56:47.335907,0.0,0.0,75
2024-12-10 11:56:57.335907,0.0,0.0,75
2024-12-10 11:57:07.335907,0.0,0.0,75
2024-12-10 11:57:17.335907,0.0,0.0,75
2024-12-10 11:57:27.335907,0.0,0.0,75
2024-12-10 11:57:37.335907,0.0,0.0,75
2024-12-10 11:57:47.335907,0.0,0.0,75
2024-12-10 11:57:57.335907,0.0,0.0,75
2024-12-10 11:58:07.335907,0.0,0.0,75
2024-12-10 11:58:17.335907,0.0,0.0,75
2024-12-10 11:58:27.335907,0.0,0.0,75
2024-12-10 11:58:37.335907,0.0,0.0,75
2024-12-10 11:58:47.335907,0.0,0.0,75
2024-12-10 11:58:57.335907,0.0,0.0,75
2024-12-10 11:59:07.335907,0.0,0.0,75
2024-12-10 11:59:17.335907,0.0,0.0,75
2024-12-10 11:59:27.335907,0.0,0.0,75
2024-12-10 11:59:37.335907,0.0,0.0,75
2024-12-10 11:59:47.335907,0.0,0.0,75
2024-12-10 11:59:57.335907,0.0,0.0,75
2024-12-10 12:00:07.335907,0.0,0.0,75
2024-12-10 12:00:17.335907,0.0,0.0,75
2024-12-10 12:00:27.335907,0.0,0.0,75
2024-12-10 12:00:37.335907,0.0,0.0,75
2024-12-10 12:00:47.335907,0.0,0.0,75
2024-12-10 12:00:57.335907,0.0,0.0,75
2024-12-10 12:01:07.335907,0.0,0.0,75
2024-12-10 12:01:17.335907,0.0,0.0,75
2024-12-10 12:01:27.335907,0.0,0.0,75
2024-12-10 12:01:37.335907,0.0,0.0,75
2024-12-10 12:01:47.335907,0.0,0.0,75
2024-12-10 12:01:57.335907,0.0,0.0,75
2024-12-10 12:02:07.335907,0.0,0.0,75
2024-12-10 12:02:17.335907,0.0,0.0,75
2024-12-10 12:02:27.335907,0.0,0.0,75
2024-12-10 12:02:37.335907,0.0,0.0,75
2024-12-10 12:02:47.335907,0.0,0.0,75
2024-12-10 12:02:57.335907,0.0,0.0,75
2024-12-10 12:03:07.335907,0.0,0.0,75
2024-12-10 12:03:17.335907,0.0,0.0,75
2024-12-10 12:03:27.335907,0.0,0.0,75
2024-12-10 12:03:37.335907,0.0,0.0,75
2024-12-10 12:03:47.335907,0.0,0.0,75
2024-12-10 12:03:57.335907,0.0,0.0,75
2024-12-10 12:04:07.335907,0.0,0.0,75
2024-12-10 12:04:17.335907,0.0,0.0,75
2024-12-10 12:04:27.335907,0.0,0.0,75
2024-12-10 12:04:37.335907,0.0,0.0,75
2024-12-10 12:04:47.335907,0.0,0.0,75
2024-12-10 12:04:57.335907,0.0,0.0,75
2024-12-10 12:05:07.335907,0.0,0.0,75
2024-12-10 12:05:17.335907,0.0,0.0,75
2024-12-10 12:05:27.335907,0.0,0.0,75
2024-12-10 12:05:37.335907,0.0,0.0,75
2024-12-10 12:05:47.335907,0.0,0.0,75
2024-12-10 12:05:57.335907,0.0,0.0,75
2024-12-10 12:06:07.335907,0.0,0.0,75
2024-12-10 12:06:17.335907,0.0,0.0,75
2024-12-10 12:06:27.335907,0.0,0.0,75
2024-12-10 12:06:37.335907,0.0,0.0,75
2024-12-10 12:06:47.335907,0.0,0.0,75
2024-12-10 12:06:57.335907,0.0,0.0,75
2024-12-10 12:07:07.335907,0.0,0.0,75
2024-12-10 12:07:17.335907,0.0,0.0,75
2024-12-10 12:07:27.335907,0.0,0.0,75
2024-12-10 12:07:37.335907,0.0,0.0,75
2024-12-10 12:07:47.335907,0.0,0.0,75
2024-12-10 12:07:57.335907,0.0,0.0,75
2024-12-10 12:08:07.335907,0.0,0.0,75
2024-12-10 12:08:17.335907,0.0,0.0,75
2024-12-10 12:08:27.335907,0.0,0.0,75
2024-12-10 12:08:37.335907,0.0,0.0,75
2024-12-10 12:08:47.335907,0.0,0.0,75
2024-12-10 12:08:57.335907,0.0,0.0,75
2024-12-10 12:09:07.335907,0.0,0.0,75
2024-12-10 12:09:17.335907,0.0,0.0,75
2024-12-10 12:09:27.335907,0.0,0.0,75
2024-12-10 12:09:37.335907,0.0,0.0,75
2024-12-10 12:09:47.335907,0.0,0.0,75
2024-12-10 12:09:57.335907,0.0,0.0,75
2024-12-10 12:10:07.335907,0.0,0.0,75
2024-12-10 12:10:17.335907,0.0,0.0,75
2024-12-10 12:10:27.335907,0.0,0.0,75
2024-12-10 12:10:37.335907,0.0,0.0,75
2024-12-10 12:10:47.335907,0.0,0.0,75
2024-12-10 12:10:57.335907,0.0,0.0,75
2024-12-10 12:11:07.335907,0.0,0.0,75
2024-12-10 12:11:17.335907,0.0,0.0,75
2024-12-10 12:11:27.335907,0.0,0.0,75
2024-12-10 12:11:37.335907,0.0,0.0,75
2024-12-10 12:11:47.335907,0.0,0.0,75
2024-12-10 12:11:57.335907,0.0,0.0,75
2024-12-10 12:12:07.335907,0.0,0.0,75
2024-12-10 12:12:17.335907,0.0,0.0,75
2024-12-10 12:12:27.335907,0.0,0.0,75
2024-12-10 12:12:37.335907,0.0,0.0,75
2024-12-10 12:12:47.335907,0.0,0.0,75
2024-12-10 12:12:57.335907,0.0,0.0,75
2024-12-10 12:13:07.335907,0.0,0.0,75
2024-12-10 12:13:17.335907,0.0,0.0,75
2024-12-10 12:13:27.335907,0.0,0.0,75
2024-12-10 12:13:37.335907,0.0,0.0,75
2024-12-10 12:13:47.335907,0.0,0.0,75
2024-12-10 12:13:57.335907,0.0,0.0,75
2024-12-10 12:14:07.335907,0.0,0.0,75
2024-12-10 12:14:17.335907,0.0,0.0,75
2024-12-10 12:14:27.335907,0.0,0.0,75
2024-12-10 12:14:37.335907,0.0,0.0,75
2024-12-10 12:14:47.335907,0.0,0.0,75
2024-12-10 12:14:57.335907,0.0,0.0,75
2024-12-10 12:15:07.335907,0.0,0.0,75
2024-12-10 12:15:17.335907,0.0,0.0,75
2024-12-10 12:15:27.335907,0.0,0.0,75
2024-12-10 12:15:37.335907,0.0,0.0,75
2024-12-10 12:15:47.335907,0.0,0.0,75
2024-12-10 12:15:57.335907,0.0,0.0,75
2024-12-10 12:16:07.335907,0.0,0.0,75
2024-12-10 12:16:17.335907,0.0,0.0,75
2024-12-10 12:16:27.335907,0.0,0.0,75
2024-12-10 12:16:37.335907,0.0,0.0,75
2024-12-10 12:16:47.335907,0.0,0.0,75
2024-12-10 12:16:57.335907,0.0,0.0,75
2024-12-10 12:17:07.335907,0.0,0.0,75
2024-12-10 12:17:17.335907,0.0,0.0,75
2024-12-10 12:17:27.335907,0.0,0.0,75
2024-12-10 12:17:37.335907,0.0,0.0,75
2024-12-10 12:17:47.335907,0.0,0.0,75
2024-12-10 12:17:57.335907,0.0,0.0,75
2024-12-10 12:18:07.335907,0.0,0.0,75
2024-12-10 12:18:17.335907,0.0,0.0,75
2024-12-10 12:18:27.335907,0.0,0.0,75
2024-12-10 12:18:37.335907,0.0,0.0,75
2024-12-10 12:18:47.335907,0.0,0.0,75
2024-12-10 12:18:57.335907,0.0,0.0,75
2024-12-10 12:19:07.335907,0.0,0.0,75
2024-12-10 12:19:17.335907,0.0,0.0,75
2024-12-10 12:19:27.335907,0.0,0.0,75
2024-12-10 12:19:37.335907,0.0,0.0,75
2024-12-10 12:19:47.335907,0.0,0.0,75
2024-12-10 12:19:57.335907,0.0,0.0,75
2024-12-10 12:20:07.335907,0.0,0.0,75
2024-12-10 12:20:17.335907,0.0,0.0,75
2024-12-10 12:20:27.335907,0.0,0.0,75
2024-12-10 12:20:37.335907,0.0,0.0,75
2024-12-10 12:20:47.335907,0.0,0.0,75
2024-12-10 12:20:57.335907,0.0,0.0,75
2024-12-10 12:21:07.335907,0.0,0.0,75
2024-12-10 12:21:17.335907,0.0,0.0,75
2024-12-10 12:21:27.335907,0.0,0.0,75
2024-12-10 12:21:37.335907,0.0,0.0,75
2024-12-10 12:21:47.335907,0.0,0.0,75
2024-12-10 12:21:57.335907,0.0,0.0,75
2024-12-10 12:22:07.335907,0.0,0.0,75
2024-12-10 12:22:17.335907,0.0,0.0,75
2024-12-10 12:22:27.335907,0.0,0.0,75
2024-12-10 12:22:37.335907,0.0,0.0,75
2024-12-10 12:22:47.335907,0.0,0.0,75
2024-12-10 12:22:57.335907,0.0,0.0,75
2024-12-10 12:23:07.335907,0.0,0.0,75
2024-12-10 12:23:17.335907,0.0,0.0,75
2024-12-10 12:23:27.335907,0.0,0.0,75
2024-12-10 12:23:37.335907,0.0,0.0,75
2024-12-10 12:23:47.335907,0.0,0.0,75
2024-12-10 12:23:57.335907,0.0,0.0,75
2024-12-10 12:24:07.335907,0.0,0.0,75
2024-12-10 12:24:17.335907,0.0,0.0,75
2024-12-10 12:24:27.335907,0.0,0.0,75
2024-12-10 12:24:37.335907,0.0,0.0,75
2024-12-10 12:24:47.335907,0.0,0.0,75
2024-12-10 12:24:57.335907,0.0,0.0,75
2024-12-10 12:25:07.335907,0.0,0.0,75
2024-12-10 12:25:17.335907,0.0,0.0,75
2024-12-10 12:25:27.335907,0.0,0.0,75
2024-12-10 12:25:37.335907,0.0,0.0,75
2024-12-10 12:25:47.335907,0.0,0.0,75
2024-12-10 12:25:57.335907,0.0,0.0,75
2024-12-10 12:26:07.335907,0.0,0.0,75
2024-12-10 12:26:17.335907,0.0,0.0,75
2024-12-10 12:26:27.335907,0.0,0.0,75
2024-12-10 12:26:37.335907,0.0,0.0,75
2024-12-10 12:26:47.335907,0.0,0.0,75
2024-12-10 12:26:57.335907,0.0,0.0,75
2024-12-10 12:27:07.335907,0.0,0.0,75
2024-12-10 12:27:17.335907,0.0,0.0,75
2024-12-10 12:27:27.335907,0.0,0.0,75
2024-12-10 12:27:37.335907,0.0,0.0,75
2024-12-10 12:27:47.335907,0.0,0.0,75
2024-12-10 12:27:57.335907,0.0,0.0,75
2024-12-10 12:28:07.335907,0.0,0.0,75
2024-12-10 12:28:17.335907,0.0,0.0,75
2024-12-10 12:28:27.335907,0.0,0.0,75
2024-12-10 12:28:37.335907,0.0,0.0,75
2024-12-10 12:28:47.335907,0.0,0.0,75
2024-12-10 12:28:57.335907,0.0,0.0,75
2024-12-10 12:29:07.335907,0.0,0.0,75
2024-12-10 12:29:17.335907,0.0,0.0,75
2024-12-10 12:29:27.335907,0.0,0.0,75
2024-12-10 12:29:37.335907,0.0,0.0,75
2024-12-10 12:29:47.335907,0.0,0.0,75
2024-12-10 12:29:57.335907,0.0,0.0,75
2024-12-10 12:30:07.335907,0.0,0.0,75
2024-12-10 12:30:17.335907,0.0,0.0,75
2024-12-10 12:30:27.335907,0.0,0.0,75
2024-12-10 12:30:37.335907,0.0,0.0,75
2024-12-10 12:30:47.335907,0.0,0.0,75
2024-12-10 12:30:57.335907,0.0,0.0,75
2024-12-10 12:31:07.335907,0.0,0.0,75
2024-12-10 12:31:17.335907,0.0,0.0,75
2024-12-10 12:31:27.335907,0.0,0.0,75
2024-12-10 12:31:37.335907,0.0,0.0,75
2024-12-10 12:31:47.335907,0.0,0.0,75
2024-12-10 12:31:57.335907,0.0,0.0,75
2024-12-10 12:32:07.335907,0.0,0.0,75
2024-12-10 12:32:17.335907,0.0,0.0,75
2024-12-10 12:32:27.335907,0.0,0.0,75
2024-12-10 12:32:37.335907,0.0,0.0,75
2024-12-10 12:32:47.335907,0.0,0.0,75
2024-12-10 12:32:57.335907,0.0,0.0,75
2024-12-10 12:33:07.335907,0.0,0.0,75
2024-12-10 12:33:17.335907,0.0,0.0,75
2024-12-10 12:33:27.335907,0.0,0.0,75
2024-12-10 12:33:37.335907,0.0,0.0,75
2024-12-10 12:33:47.335907,0.0,0.0,75
2024-12-10 12:33:57.335907,0.0,0.0,75
2024-12-10 12:34:07.335907,0.0,0.0,75
2024-12-10 12:34:17.335907,0.0,0.0,75
2024-12-10 12:34:27.335907,0.0,0.0,75
2024-12-10 12:34:37.335907,0.0,0.0,75
2024-12-10 12:34:47.335907,0.0,0.0,75
2024-12-10 12:34:57.335907,0.0,0.0,75
2024-12-10 12:35:07.335907,0.0,0.0,75
2024-12-10 12:35:17.335907,0.0,0.0,75
2024-12-10 12:35:27.335907,0.0,0.0,75
2024-12-10 12:35:37.335907,0.0,0.0,75
2024-12-10 12:35:47.335907,0.0,0.0,75
2024-12-10 12:35:57.335907,0.0,0.0,75
2024-12-10 12:36:07.335907,0.0,0.0,75
2024-12-10 12:36:17.335907,0.0,0.0,75
2024-12-10 12:36:27.335907,0.0,0.0,75
2024-12-10 12:36:37.335907,0.0,0.0,75
2024-12-10 12:36:47.335907,0.0,0.0,75
2024-12-10 12:36:57.335907,0.0,0.0,75
2024-12-10 12:37:07.335907,0.0,0.0,75
2024-12-10 12:37:17.335907,0.0,0.0,75
2024-12-10 12:37:27.335907,0.0,0.0,75
2024-12-10 12:37:37.335907,0.0,0.0,75
2024-12-10 12:37:47.335907,0.0,0.0,75
2024-12-10 12:37:57.335907,0.0,0.0,75
2024-12-10 12:38:07.335907,0.0,0.0,75
2024-12-10 12:38:17.335907,0.0,0.0,75
2024-12-10 12:38:27.335907,0.0,0.0,75
2024-12-10 12:38:37.335907,0.0,0.0,75
2024-12-10 12:38:47.335907,0.0,0.0,75
2024-12-10 12:38:57.335907,0.0,0.0,75
2024-12-10 12:39:07.335907,0.0,0.0,75
2024-12-10 12:39:17.335907,0.0,0.0,75
2024-12-10 12:39:27.335907,0.0,0.0,75
2024-12-10 12:39:37.335907,0.0,0.0,75
2024-12-10 12:39:47.335907,0.0,0.0,75
2024-12-10 12:39:57.335907,0.0,0.0,75
2024-12-10 12:40:07.335907,0.0,0.0,75
2024-12-10 12:40:17.335907,0.0,0.0,75
2024-12-10 12:40:27.335907,0.0,0.0,75
2024-12-10 12:40:37.335907,0.0,0.0,75
2024-12-10 12:40:47.335907,0.0,0.0,75
2024-12-10 12:40:57.335907,0.0,0.0,75
2024-12-10 12:41:07.335907,0.0,0.0,75
2024-12-10 12:41:17.335907,0.0,0.0,75
2024-12-10 12:41:27.335907,0.0,0.0,75
2024-12-10 12:41:37.335907,0.0,0.0,75
2024-12-10 12:41:47.335907,0.0,0.0,75
2024-12-10 12:41:57.335907,0.0,0.0,75
2024-12-10 12:42:07.335907,0.0,0.0,75
2024-12-10 12:42:17.335907,0.0,0.0,75
2024-12-10 12:42:27.335907,0.0,0.0,75
2024-12-10 12:42:37.335907,0.0,0.0,75
2024-12-10 12:42:47.335907,0.0,0.0,75
2024-12-10 12:42:57.335907,0.0,0.0,75
2024-12-10 12:43:07.335907,0.0,0.0,75
2024-12-10 12:43:17.335907,0.0,0.0,75
2024-12-10 12:43:27.335907,0.0,0.0,75
2024-12-10 12:43:37.335907,0.0,0.0,75
2024-12-10 12:43:47.335907,0.0,0.0,75
2024-12-10 12:43:57.335907,0.0,0.0,75
2024-12-10 12:44:07.335907,0.0,0.0,75
2024-12-10 12:44:17.335907,0.0,0.0,75
2024-12-10 12:44:27.335907,0.0,0.0,75
2024-12-10 12:44:37.335907,0.0,0.0,75
2024-12-10 12:44:47.335907,0.0,0.0,75
2024-12-10 12:44:57.335907,0.0,0.0,75
2024-12-10 12:45:07.335907,0.0,0.0,75
2024-12-10 12:45:17.335907,0.0,0.0,75
2024-12-10 12:45:27.335907,0.0,0.0,75
2024-12-10 12:45:37.335907,0.0,0.0,75
2024-12-10 12:45:47.335907,0.0,0.0,75
2024-12-10 12:45:57.335907,0.0,0.0,75
2024-12-10 12:46:07.335907,0.0,0.0,75
2024-12-10 12:46:17.335907,0.0,0.0,75
2024-12-10 12:46:27.335907,0.0,0.0,75
2024-12-10 12:46:37.335907,0.0,0.0,75
2024-12-10 12:46:47.335907,0.0,0.0,75
2024-12-10 12:46:57.335907,0.0,0.0,75
2024-12-10 12:47:07.335907,0.0,0.0,75
2024-12-10 12:47:17.335907,0.0,0.0,75
2024-12-10 12:47:27.335907,0.0,0.0,75
2024-12-10 12:47:37.335907,0.0,0.0,75
2024-12-10 12:47:47.335907,0.0,0.0,75
2024-12-10 12:47:57.335907,0.0,0.0,75
2024-12-10 12:48:07.335907,0.0,0.0,75
2024-12-10 12:48:17.335907,0.0,0.0,75
2024-12-10 12:48:27.335907,0.0,0.0,75
2024-12-10 12:48:37.335907,0.0,0.0,75
2024-12-10 12:48:47.335907,0.0,0.0,75
2024-12-10 12:48:57.335907,0.0,0.0,75
2024-12-10 12:49:07.335907,0.0,0.0,75
2024-12-10 12:49:17.335907,0.0,0.0,75
2024-12-10 12:49:27.335907,0.0,0.0,75
2024-12-10 12:49:37.335907,0.0,0.0,75
2024-12-10 12:49:47.335907,0.0,0.0,75
2024-12-10 12:49:57.335907,0.0,0.0,75
2024-12-10 12:50:07.335907,0.0,0.0,75
2024-12-10 12:50:17.335907,0.0,0.0,75
2024-12-10 12:50:27.335907,0.0,0.0,75
2024-12-10 12:50:37.335907,0.0,0.0,75
2024-12-10 12:50:47.335907,0.0,0.0,75
2024-12-10 12:50:57.335907,0.0,0.0,75
2024-12-10 12:51:07.335907,0.0,0.0,75
2024-12-10 12:51:17.335907,0.0,0.0,75
2024-12-10 12:51:27.335907,0.0,0.0,75
2024-12-10 12:51:37.335907,0.0,0.0,75
2024-12-10 12:51:47.335907,0.0,0.0,75
2024-12-10 12:51:57.335907,0.0,0.0,75
2024-12-10 12:52:07.335907,0.0,0.0,75
2024-12-10 12:52:17.335907,0.0,0.0,75
2024-12-10 12:52:27.335907,0.0,0.0,75
2024-12-10 12:52:37.335907,0.0,0.0,75
2024-12-10 12:52:47.335907,0.0,0.0,75
2024-12-10 12:52:57.335907,0.0,0.0,75
2024-12-10 12:53:07.335907,0.0,0.0,75
2024-12-10 12:53:17.335907,0.0,0.0,75
2024-12-10 12:53:27.335907,0.0,0.0,75
2024-12-10 12:53:37.335907,0.0,0.0,75
2024-12-10 12:53:47.335907,0.0,0.0,75
2024-12-10 12:53:57.335907,0.0,0.0,75
2024-12-10 12:54:07.335907,0.0,0.0,75
2024-12-10 12:54:17.335907,0.0,0.0,75
2024-12-10 12:54:27.335907,0.0,0.0,75
2024-12-10 12:54:37.335907,0.0,0.0,75
2024-12-10 12:54:47.335907,0.0,0.0,75
2024-12-10 12:54:57.335907,0.0,0.0,75
2024-12-10 12:55:07.335907,0.0,0.0,75
2024-12-10 12:55:17.335907,0.0,0.0,75
2024-12-10 12:55:27.335907,0.0,0.0,75
2024-12-10 12:55:37.335907,0.0,0.0,75
2024-12-10 12:55:47.335907,0.0,0.0,75
2024-12-10 12:55:57.335907,0.0,0.0,75
2024-12-10 12:56:07.335907,0.0,0.0,75
2024-12-10 12:56:17.335907,0.0,0.0,75
2024-12-10 12:56:27.335907,0.0,0.0,75
2024-12-10 12:56:37.335907,0.0,0.0,75
2024-12-10 12:56:47.335907,0.0,0.0,75
2024-12-10 12:56:57.335907,0.0,0.0,75
2024-12-10 12:57:07.335907,0.0,0.0,75
2024-12-10 12:57:17.335907,0.0,0.0,75
2024-12-10 12:57:27.335907,0.0,0.0,75
2024-12-10 12:57:37.335907,0.0,0.0,75
2024-12-10 12:57:47.335907,0.0,0.0,75
2024-12-10 12:57:57.335907,0.0,0.0,75
2024-12-10 12:58:07.335907,0.0,0.0,75
2024-12-10 12:58:17.335907,0.0,0.0,75
2024-12-10 12:58:27.335907,0.0,0.0,75
2024-12-10 12:58:37.335907,0.0,0.0,75
2024-12-10 12:58:47.335907,0.0,0.0,75
2024-12-10 12:58:57.335907,0.0,0.0,75
2024-12-10 12:59:07.335907,0.0,0.0,75
2024-12-10 12:59:17.335907,0.0,0.0,75
2024-12-10 12:59:27.335907,0.0,0.0,75
2024-12-10 12:59:37.335907,0.0,0.0,75
2024-12-10 12:59:47.335907,0.0,0.0,75
2024-12-10 12:59:57.335907,0.0,0.0,75
2024-12-10 13:00:07.335907,0.0,0.0,75
2024-12-10 13:00:17.335907,0.0,0.0,75
2024-12-10 13:00:27.335907,0.0,0.0,75
2024-12-10 13:00:37.335907,0.0,0.0,75
2024-12-10 13:00:47.335907,0.0,0.0,75
2024-12-10 13:00:57.335907,0.0,0.0,75
2024-12-10 13:01:07.335907,0.0,0.0,75
2024-12-10 13:01:17.335907,0.0,0.0,75
2024-12-10 13:01:27.335907,0.0,0.0,75
2024-12-10 13:01:37.335907,0.0,0.0,75
2024-12-10 13:01:47.335907,0.0,0.0,75
2024-12-10 13:01:57.335907,0.0,0.0,75
2024-12-10 13:02:07.335907,0.0,0.0,75
2024-12-10 13:02:17.335907,0.0,0.0,75
2024-12-10 13:02:27.335907,0.0,0.0,75
2024-12-10 13:02:37.335907,0.0,0.0,75
2024-12-10 13:02:47.335907,0.0,0.0,75
2024-12-10 13:02:57.335907,0.0,0.0,75
2024-12-10 13:03:07.335907,0.0,0.0,75
2024-12-10 13:03:17.335907,0.0,0.0,75
2024-12-10 13:03:27.335907,0.0,0.0,75
2024-12-10 13:03:37.335907,0.0,0.0,75
2024-12-10 13:03:47.335907,0.0,0.0,75
2024-12-10 13:03:57.335907,0.0,0.0,75
2024-12-10 13:04:07.335907,0.0,0.0,75
2024-12-10 13:04:17.335907,0.0,0.0,75
2024-12-10 13:04:27.335907,0.0,0.0,75
2024-12-10 13:04:37.335907,0.0,0.0,75
2024-12-10 13:04:47.335907,0.0,0.0,75
2024-12-10 13:04:57.335907,0.0,0.0,75
2024-12-10 13:05:07.335907,0.0,0.0,75
2024-12-10 13:05:17.335907,0.0,0.0,75
2024-12-10 13:05:27.335907,0.0,0.0,75
2024-12-10 13:05:37.335907,0.0,0.0,75
2024-12-10 13:05:47.335907,0.0,0.0,75
2024-12-10 13:05:57.335907,0.0,0.0,75
2024-12-10 13:06:07.335907,0.0,0.0,75
2024-12-10 13:06:17.335907,0.0,0.0,75
2024-12-10 13:06:27.335907,0.0,0.0,75
2024-12-10 13:06:37.335907,0.0,0.0,75
2024-12-10 13:06:47.335907,0.0,0.0,75
2024-12-10 13:06:57.335907,0.0,0.0,75
2024-12-10 13:07:07.335907,0.0,0.0,75
2024-12-10 13:07:17.335907,0.0,0.0,75
2024-12-10 13:07:27.335907,0.0,0.0,75
2024-12-10 13:07:37.335907,0.0,0.0,75
2024-12-10 13:07:47.335907,0.0,0.0,75
2024-12-10 13:07:57.335907,0.0,0.0,75
2024-12-10 13:08:07.335907,0.0,0.0,75
2024-12-10 13:08:17.335907,0.0,0.0,75
2024-12-10 13:08:27.335907,0.0,0.0,75
2024-12-10 13:08:37.335907,0.0,0.0,75
2024-12-10 13:08:47.335907,0.0,0.0,75
2024-12-10 13:08:57.335907,0.0,0.0,75
2024-12-10 13:09:07.335907,0.0,0.0,75
2024-12-10 13:09:17.335907,0.0,0.0,75
2024-12-10 13:09:27.335907,0.0,0.0,75
2024-12-10 13:09:37.335907,0.0,0.0,75
2024-12-10 13:09:47.335907,0.0,0.0,75
2024-12-10 13:09:57.335907,0.0,0.0,75
2024-12-10 13:10:07.335907,0.0,0.0,75
2024-12-10 13:10:17.335907,0.0,0.0,75
2024-12-10 13:10:27.335907,0.0,0.0,75
2024-12-10 13:10:37.335907,0.0,0.0,75
2024-12-10 13:10:47.335907,0.0,0.0,75
2024-12-10 13:10:57.335907,0.0,0.0,75
2024-12-10 13:11:07.335907,0.0,0.0,75
2024-12-10 13:11:17.335907,0.0,0.0,75
2024-12-10 13:11:27.335907,0.0,0.0,75
2024-12-10 13:11:37.335907,0.0,0.0,75
2024-12-10 13:11:47.335907,0.0,0.0,75
2024-12-10 13:11:57.335907,0.0,0.0,75
2024-12-10 13:12:07.335907,0.0,0.0,75
2024-12-10 13:12:17.335907,0.0,0.0,75
2024-12-10 13:12:27.335907,0.0,0.0,75
2024-12-10 13:12:37.335907,0.0,0.0,75
2024-12-10 13:12:47.335907,0.0,0.0,75
2024-12-10 13:12:57.335907,0.0,0.0,75
2024-12-10 13:13:07.335907,0.0,0.0,75
2024-12-10 13:13:17.335907,0.0,0.0,75
2024-12-10 13:13:27.335907,0.0,0.0,75
2024-12-10 13:13:37.335907,0.0,0.0,75
2024-12-10 13:13:47.335907,0.0,0.0,75
2024-12-10 13:13:57.335907,0.0,0.0,75
2024-12-10 13:14:07.335907,0.0,0.0,75
2024-12-10 13:14:17.335907,0.0,0.0,75
2024-12-10 13:14:27.335907,0.0,0.0,75
2024-12-10 13:14:37.335907,0.0,0.0,75
2024-12-10 13:14:47.335907,0.0,0.0,75
2024-12-10 13:14:57.335907,0.0,0.0,75
2024-12-10 13:15:07.335907,0.0,0.0,75
2024-12-10 13:15:17.335907,0.0,0.0,75
2024-12-10 13:15:27.335907,0.0,0.0,75
2024-12-10 13:15:37.335907,0.0,0.0,75
2024-12-10 13:15:47.335907,0.0,0.0,75
2024-12-10 13:15:57.335907,0.0,0.0,75
2024-12-10 13:16:07.335907,0.0,0.0,75
2024-12-10 13:16:17.335907,0.0,0.0,75
2024-12-10 13:16:27.335907,0.0,0.0,75
2024-12-10 13:16:37.335907,0.0,0.0,75
2024-12-10 13:16:47.335907,0.0,0.0,75
2024-12-10 13:16:57.335907,0.0,0.0,75
2024-12-10 13:17:07.335907,0.0,0.0,75
2024-12-10 13:17:17.335907,0.0,0.0,75
2024-12-10 13:17:27.335907,0.0,0.0,75
2024-12-10 13:17:37.335907,0.0,0.0,75
2024-12-10 13:17:47.335907,0.0,0.0,75
2024-12-10 13:17:57.335907,0.0,0.0,75
2024-12-10 13:18:07.335907,0.0,0.0,75
2024-12-10 13:18:17.335907,0.0,0.0,75
2024-12-10 13:18:27.335907,0.0,0.0,75
2024-12-10 13:18:37.335907,0.0,0.0,75
2024-12-10 13:18:47.335907,0.0,0.0,75
2024-12-10 13:18:57.335907,0.0,0.0,75
2024-12-10 13:19:07.335907,0.0,0.0,75
2024-12-10 13:19:17.335907,0.0,0.0,75
2024-12-10 13:19:27.335907,0.0,0.0,75
2024-12-10 13:19:37.335907,0.0,0.0,75
2024-12-10 13:19:47.335907,0.0,0.0,75
2024-12-10 13:19:57.335907,0.0,0.0,75
2024-12-10 13:20:07.335907,0.0,0.0,75
2024-12-10 13:20:17.335907,0.0,0.0,75
2024-12-10 13:20:27.335907,0.0,0.0,75
2024-12-10 13:20:37.335907,0.0,0.0,75
2024-12-10 13:20:47.335907,0.0,0.0,75
2024-12-10 13:20:57.335907,0.0,0.0,75
2024-12-10 13:21:07.335907,0.0,0.0,75
2024-12-10 13:21:17.335907,0.0,0.0,75
2024-12-10 13:21:27.335907,0.0,0.0,75
2024-12-10 13:21:37.335907,0.0,0.0,75
2024-12-10 13:21:47.335907,0.0,0.0,75
2024-12-10 13:21:57.335907,0.0,0.0,75
2024-12-10 13:22:07.335907,0.0,0.0,75
2024-12-10 13:22:17.335907,0.0,0.0,75
2024-12-10 13:22:27.335907,0.0,0.0,75
2024-12-10 13:22:37.335907,0.0,0.0,75
2024-12-10 13:22:47.335907,0.0,0.0,75
2024-12-10 13:22:57.335907,0.0,0.0,75
2024-12-10 13:23:07.335907,0.0,0.0,75
2024-12-10 13:23:17.335907,0.0,0.0,75
2024-12-10 13:23:27.335907,0.0,0.0,75
2024-12-10 13:23:37.335907,0.0,0.0,75
2024-12-10 13:23:47.335907,0.0,0.0,75
2024-12-10 13:23:57.335907,0.0,0.0,75
2024-12-10 13:24:07.335907,0.0,0.0,75
2024-12-10 13:24:17.335907,0.0,0.0,75
2024-12-10 13:24:27.335907,0.0,0.0,75
2024-12-10 13:24:37.335907,0.0,0.0,75
2024-12-10 13:24:47.335907,0.0,0.0,75
2024-12-10 13:24:57.335907,0.0,0.0,75
2024-12-10 13:25:07.335907,0.0,0.0,75
2024-12-10 13:25:17.335907,0.0,0.0,75
2024-12-10 13:25:27.335907,0.0,0.0,75
2024-12-10 13:25:37.335907,0.0,0.0,75
2024-12-10 13:25:47.335907,0.0,0.0,75
2024-12-10 13:25:57.335907,0.0,0.0,75
2024-12-10 13:26:07.335907,0.0,0.0,75
2024-12-10 13:26:17.335907,0.0,0.0,75
2024-12-10 13:26:27.335907,0.0,0.0,75
2024-12-10 13:26:37.335907,0.0,0.0,75
2024-12-10 13:26:47.335907,0.0,0.0,75
2024-12-10 13:26:57.335907,0.0,0.0,75
2024-12-10 13:27:07.335907,0.0,0.0,75
2024-12-10 13:27:17.335907,0.0,0.0,75
2024-12-10 13:27:27.335907,0.0,0.0,75
2024-12-10 13:27:37.335907,0.0,0.0,75
2024-12-10 13:27:47.335907,0.0,0.0,75
2024-12-10 13:27:57.335907,0.0,0.0,75
2024-12-10 13:28:07.335907,0.0,0.0,75
2024-12-10 13:28:17.335907,0.0,0.0,75
2024-12-10 13:28:27.335907,0.0,0.0,75
2024-12-10 13:28:37.335907,0.0,0.0,75
2024-12-10 13:28:47.335907,0.0,0.0,75
2024-12-10 13:28:57.335907,0.0,0.0,75
2024-12-10 13:29:07.335907,0.0,0.0,75
2024-12-10 13:29:17.335907,0.0,0.0,75
2024-12-10 13:29:27.335907,0.0,0.0,75
2024-12-10 13:29:37.335907,0.0,0.0,75
2024-12-10 13:29:47.335907,0.0,0.0,75
2024-12-10 13:29:57.335907,0.0,0.0,75
2024-12-10 13:30:07.335907,0.0,0.0,75
2024-12-10 13:30:17.335907,0.0,0.0,75
2024-12-10 13:30:27.335907,0.0,0.0,75
2024-12-10 13:30:37.335907,0.0,0.0,75
2024-12-10 13:30:47.335907,0.0,0.0,75
2024-12-10 13:30:57.335907,0.0,0.0,75
2024-12-10 13:31:07.335907,0.0,0.0,75
2024-12-10 13:31:17.335907,0.0,0.0,75
2024-12-10 13:31:27.335907,0.0,0.0,75
2024-12-10 13:31:37.335907,0.0,0.0,75
2024-12-10 13:31:47.335907,0.0,0.0,75
2024-12-10 13:31:57.335907,0.0,0.0,75
2024-12-10 13:32:07.335907,0.0,0.0,75
2024-12-10 13:32:17.335907,0.0,0.0,75
2024-12-10 13:32:27.335907,0.0,0.0,75
2024-12-10 13:32:37.335907,0.0,0.0,75
2024-12-10 13:32:47.335907,0.0,0.0,75
2024-12-10 13:32:57.335907,0.0,0.0,75
2024-12-10 13:33:07.335907,0.0,0.0,75
2024-12-10 13:33:17.335907,0.0,0.0,75
2024-12-10 13:33:27.335907,0.0,0.0,75
2024-12-10 13:33:37.335907,0.0,0.0,75
2024-12-10 13:33:47.335907,0.0,0.0,75
2024-12-10 13:33:57.335907,0.0,0.0,75
2024-12-10 13:34:07.335907,0.0,0.0,75
2024-12-10 13:34:17.335907,0.0,0.0,75
2024-12-10 13:34:27.335907,0.0,0.0,75
2024-12-10 13:34:37.335907,0.0,0.0,75
2024-12-10 13:34:47.335907,0.0,0.0,75
2024-12-10 13:34:57.335907,0.0,0.0,75
2024-12-10 13:35:07.335907,0.0,0.0,75
2024-12-10 13:35:17.335907,0.0,0.0,75
2024-12-10 13:35:27.335907,0.0,0.0,75
2024-12-10 13:35:37.335907,0.0,0.0,75
2024-12-10 13:35:47.335907,0.0,0.0,75
2024-12-10 13:35:57.335907,0.0,0.0,75
2024-12-10 13:36:07.335907,0.0,0.0,75
2024-12-10 13:36:17.335907,0.0,0.0,75
2024-12-10 13:36:27.335907,0.0,0.0,75
2024-12-10 13:36:37.335907,0.0,0.0,75
2024-12-10 13:36:47.335907,0.0,0.0,75
2024-12-10 13:36:57.335907,0.0,0.0,75
2024-12-10 13:37:07.335907,0.0,0.0,75
2024-12-10 13:37:17.335907,0.0,0.0,75
2024-12-10 13:37:27.335907,0.0,0.0,75
2024-12-10 13:37:37.335907,0.0,0.0,75
2024-12-10 13:37:47.335907,0.0,0.0,75
2024-12-10 13:37:57.335907,0.0,0.0,75
2024-12-10 13:38:07.335907,0.0,0.0,75
2024-12-10 13:38:17.335907,0.0,0.0,75
2024-12-10 13:38:27.335907,0.0,0.0,75
2024-12-10 13:38:37.335907,0.0,0.0,75
2024-12-10 13:38:47.335907,0.0,0.0,75
2024-12-10 13:38:57.335907,0.0,0.0,75
2024-12-10 13:39:07.335907,0.0,0.0,75
2024-12-10 13:39:17.335907,0.0,0.0,75
2024-12-10 13:39:27.335907,0.0,0.0,75
2024-12-10 13:39:37.335907,0.0,0.0,75
2024-12-10 13:39:47.335907,0.0,0.0,75
2024-12-10 13:39:57.335907,0.0,0.0,75
2024-12-10 13:40:07.335907,0.0,0.0,75
2024-12-10 13:40:17.335907,0.0,0.0,75
2024-12-10 13:40:27.335907,0.0,0.0,75
2024-12-10 13:40:37.335907,0.0,0.0,75
2024-12-10 13:40:47.335907,0.0,0.0,75
2024-12-10 13:40:57.335907,0.0,0.0,75
2024-12-10 13:41:07.335907,0.0,0.0,75
2024-12-10 13:41:17.335907,0.0,0.0,75
2024-12-10 13:41:27.335907,0.0,0.0,75
2024-12-10 13:41:37.335907,0.0,0.0,75
2024-12-10 13:41:47.335907,0.0,0.0,75
2024-12-10 13:41:57.335907,0.0,0.0,75
2024-12-10 13:42:07.335907,0.0,0.0,75
2024-12-10 13:42:17.335907,0.0,0.0,75
2024-12-10 13:42:27.335907,0.0,0.0,75
2024-12-10 13:42:37.335907,0.0,0.0,75
2024-12-10 13:42:47.335907,0.0,0.0,75
2024-12-10 13:42:57.335907,0.0,0.0,75
2024-12-10 13:43:07.335907,0.0,0.0,75
2024-12-10 13:43:17.335907,0.0,0.0,75
2024-12-10 13:43:27.335907,0.0,0.0,75
2024-12-10 13:43:37.335907,0.0,0.0,75
2024-12-10 13:43:47.335907,0.0,0.0,75
2024-12-10 13:43:57.335907,0.0,0.0,75
2024-12-10 13:44:07.335907,0.0,0.0,75
2024-12-10 13:44:17.335907,0.0,0.0,75
2024-12-10 13:44:27.335907,0.0,0.0,75
2024-12-10 13:44:37.335907,0.0,0.0,75
2024-12-10 13:44:47.335907,0.0,0.0,75
2024-12-10 13:44:57.335907,0.0,0.0,75
2024-12-10 13:45:07.335907,0.0,0.0,75
2024-12-10 13:45:17.335907,0.0,0.0,75
2024-12-10 13:45:27.335907,0.0,0.0,75
2024-12-10 13:45:37.335907,0.0,0.0,75
2024-12-10 13:45:47.335907,0.0,0.0,75
2024-12-10 13:45:57.335907,0.0,0.0,75
2024-12-10 13:46:07.335907,0.0,0.0,75
2024-12-10 13:46:17.335907,0.0,0.0,75
2024-12-10 13:46:27.335907,0.0,0.0,75
2024-12-10 13:46:37.335907,0.0,0.0,75
2024-12-10 13:46:47.335907,0.0,0.0,75
2024-12-10 13:46:57.335907,0.0,0.0,75
2024-12-10 13:47:07.335907,0.0,0.0,75
2024-12-10 13:47:17.335907,0.0,0.0,75
2024-12-10 13:47:27.335907,0.0,0.0,75
2024-12-10 13:47:37.335907,0.0,0.0,75
2024-12-10 13:47:47.335907,0.0,0.0,75
2024-12-10 13:47:57.335907,0.0,0.0,75
2024-12-10 13:48:07.335907,0.0,0.0,75
2024-12-10 13:48:17.335907,0.0,0.0,75
2024-12-10 13:48:27.335907,0.0,0.0,75
2024-12-10 13:48:37.335907,0.0,0.0,75
2024-12-10 13:48:47.335907,0.0,0.0,75
2024-12-10 13:48:57.335907,0.0,0.0,75
2024-12-10 13:49:07.335907,0.0,0.0,75
2024-12-10 13:49:17.335907,0.0,0.0,75
2024-12-10 13:49:27.335907,0.0,0.0,75
2024-12-10 13:49:37.335907,0.0,0.0,75
2024-12-10 13:49:47.335907,0.0,0.0,75
2024-12-10 13:49:57.335907,0.0,0.0,75
2024-12-10 13:50:07.335907,0.0,0.0,75
2024-12-10 13:50:17.335907,0.0,0.0,75
2024-12-10 13:50:27.335907,0.0,0.0,75
2024-12-10 13:50:37.335907,0.0,0.0,75
2024-12-10 13:50:47.335907,0.0,0.0,75
2024-12-10 13:50:57.335907,0.0,0.0,75
2024-12-10 13:51:07.335907,0.0,0.0,75
2024-12-10 13:51:17.335907,0.0,0.0,75
2024-12-10 13:51:27.335907,0.0,0.0,75
2024-12-10 13:51:37.335907,0.0,0.0,75
2024-12-10 13:51:47.335907,0.0,0.0,75
2024-12-10 13:51:57.335907,0.0,0.0,75
2024-12-10 13:52:07.335907,0.0,0.0,75
2024-12-10 13:52:17.335907,0.0,0.0,75
2024-12-10 13:52:27.335907,0.0,0.0,75
2024-12-10 13:52:37.335907,0.0,0.0,75
2024-12-10 13:52:47.335907,0.0,0.0,75
2024-12-10 13:52:57.335907,0.0,0.0,75
2024-12-10 13:53:07.335907,0.0,0.0,75
2024-12-10 13:53:17.335907,0.0,0.0,75
2024-12-10 13:53:27.335907,0.0,0.0,75
2024-12-10 13:53:37.335907,0.0,0.0,75
2024-12-10 13:53:47.335907,0.0,0.0,75
2024-12-10 13:53:57.335907,0.0,0.0,75
2024-12-10 13:54:07.335907,0.0,0.0,75
2024-12-10 13:54:17.335907,0.0,0.0,75
2024-12-10 13:54:27.335907,0.0,0.0,75
2024-12-10 13:54:37.335907,0.0,0.0,75
2024-12-10 13:54:47.335907,0.0,0.0,75
2024-12-10 13:54:57.335907,0.0,0.0,75
2024-12-10 13:55:07.335907,0.0,0.0,75
2024-12-10 13:55:17.335907,0.0,0.0,75
2024-12-10 13:55:27.335907,0.0,0.0,75
2024-12-10 13:55:37.335907,0.0,0.0,75
2024-12-10 13:55:47.335907,0.0,0.0,75
2024-12-10 13:55:57.335907,0.0,0.0,75
2024-12-10 13:56:07.335907,0.0,0.0,75
2024-12-10 13:56:17.335907,0.0,0.0,75
2024-12-10 13:56:27.335907,0.0,0.0,75
2024-12-10 13:56:37.335907,0.0,0.0,75
2024-12-10 13:56:47.335907,0.0,0.0,75
2024-12-10 13:56:57.335907,0.0,0.0,75
2024-12-10 13:57:07.335907,0.0,0.0,75
2024-12-10 13:57:17.335907,0.0,0.0,75
2024-12-10 13:57:27.335907,0.0,0.0,75
2024-12-10 13:57:37.335907,0.0,0.0,75
2024-12-10 13:57:47.335907,0.0,0.0,75
2024-12-10 13:57:57.335907,0.0,0.0,75
2024-12-10 13:58:07.335907,0.0,0.0,75
2024-12-10 13:58:17.335907,0.0,0.0,75
2024-12-10 13:58:27.335907,0.0,0.0,75
2024-12-10 13:58:37.335907,0.0,0.0,75
2024-12-10 13:58:47.335907,0.0,0.0,75
2024-12-10 13:58:57.335907,0.0,0.0,75
2024-12-10 13:59:07.335907,0.0,0.0,75
2024-12-10 13:59:17.335907,0.0,0.0,75
2024-12-10 13:59:27.335907,0.0,0.0,75
2024-12-10 13:59:37.335907,0.0,0.0,75
2024-12-10 13:59:47.335907,0.0,0.0,75
2024-12-10 13:59:57.335907,0.0,0.0,75
2024-12-10 14:00:07.335907,0.0,0.0,75
2024-12-10 14:00:17.335907,0.0,0.0,75
2024-12-10 14:00:27.335907,0.0,0.0,75
2024-12-10 14:00:37.335907,0.0,0.0,75
2024-12-10 14:00:47.335907,0.0,0.0,75
2024-12-10 14:00:57.335907,0.0,0.0,75
2024-12-10 14:01:07.335907,0.0,0.0,75
2024-12-10 14:01:17.335907,0.0,0.0,75
2024-12-10 14:01:27.335907,0.0,0.0,75
2024-12-10 14:01:37.335907,0.0,0.0,75
2024-12-10 14:01:47.335907,0.0,0.0,75
2024-12-10 14:01:57.335907,0.0,0.0,75
2024-12-10 14:02:07.335907,0.0,0.0,75
2024-12-10 14:02:17.335907,0.0,0.0,75
2024-12-10 14:02:27.335907,0.0,0.0,75
2024-12-10 14:02:37.335907,0.0,0.0,75
2024-12-10 14:02:47.335907,0.0,0.0,75
2024-12-10 14:02:57.335907,0.0,0.0,75
2024-12-10 14:03:07.335907,0.0,0.0,75
2024-12-10 14:03:17.335907,0.0,0.0,75
2024-12-10 14:03:27.335907,0.0,0.0,75
2024-12-10 14:03:37.335907,0.0,0.0,75
2024-12-10 14:03:47.335907,0.0,0.0,75
2024-12-10 14:03:57.335907,0.0,0.0,75
2024-12-10 14:04:07.335907,0.0,0.0,75
2024-12-10 14:04:17.335907,0.0,0.0,75
2024-12-10 14:04:27.335907,0.0,0.0,75
2024-12-10 14:04:37.335907,0.0,0.0,75
2024-12-10 14:04:47.335907,0.0,0.0,75
2024-12-10 14:04:57.335907,0.0,0.0,75
2024-12-10 14:05:07.335907,0.0,0.0,75
2024-12-10 14:05:17.335907,0.0,0.0,75
2024-12-10 14:05:27.335907,0.0,0.0,75
2024-12-10 14:05:37.335907,0.0,0.0,75
2024-12-10 14:05:47.335907,0.0,0.0,75
2024-12-10 14:05:57.335907,0.0,0.0,75
2024-12-10 14:06:07.335907,0.0,0.0,75
2024-12-10 14:06:17.335907,0.0,0.0,75
2024-12-10 14:06:27.335907,0.0,0.0,75
2024-12-10 14:06:37.335907,0.0,0.0,75
2024-12-10 14:06:47.335907,0.0,0.0,75
2024-12-10 14:06:57.335907,0.0,0.0,75
2024-12-10 14:07:07.335907,0.0,0.0,75
2024-12-10 14:07:17.335907,0.0,0.0,75
2024-12-10 14:07:27.335907,0.0,0.0,75
2024-12-10 14:07:37.335907,0.0,0.0,75
2024-12-10 14:07:47.335907,0.0,0.0,75
2024-12-10 14:07:57.335907,0.0,0.0,75
2024-12-10 14:08:07.335907,0.0,0.0,75
2024-12-10 14:08:17.335907,0.0,0.0,75
2024-12-10 14:08:27.335907,0.0,0.0,75
2024-12-10 14:08:37.335907,0.0,0.0,75
2024-12-10 14:08:47.335907,0.0,0.0,75
2024-12-10 14:08:57.335907,0.0,0.0,75
2024-12-10 14:09:07.335907,0.0,0.0,75
2024-12-10 14:09:17.335907,0.0,0.0,75
2024-12-10 14:09:27.335907,0.0,0.0,75
2024-12-10 14:09:37.335907,0.0,0.0,75
2024-12-10 14:09:47.335907,0.0,0.0,75
2024-12-10 14:09:57.335907,0.0,0.0,75
2024-12-10 14:10:07.335907,0.0,0.0,75
2024-12-10 14:10:17.335907,0.0,0.0,75
2024-12-10 14:10:27.335907,0.0,0.0,75
2024-12-10 14:10:37.335907,0.0,0.0,75
2024-12-10 14:10:47.335907,0.0,0.0,75
2024-12-10 14:10:57.335907,0.0,0.0,75
2024-12-10 14:11:07.335907,0.0,0.0,75
2024-12-10 14:11:17.335907,0.0,0.0,75
2024-12-10 14:11:27.335907,0.0,0.0,75
2024-12-10 14:11:37.335907,0.0,0.0,75
2024-12-10 14:11:47.335907,0.0,0.0,75
2024-12-10 14:11:57.335907,0.0,0.0,75
2024-12-10 14:12:07.335907,0.0,0.0,75
2024-12-10 14:12:17.335907,0.0,0.0,75
2024-12-10 14:12:27.335907,0.0,0.0,75
2024-12-10 14:12:37.335907,0.0,0.0,75
2024-12-10 14:12:47.335907,0.0,0.0,75
2024-12-10 14:12:57.335907,0.0,0.0,75
2024-12-10 14:13:07.335907,0.0,0.0,75
2024-12-10 14:13:17.335907,0.0,0.0,75
2024-12-10 14:13:27.335907,0.0,0.0,75
2024-12-10 14:13:37.335907,0.0,0.0,75
2024-12-10 14:13:47.335907,0.0,0.0,75
2024-12-10 14:13:57.335907,0.0,0.0,75
2024-12-10 14:14:07.335907,0.0,0.0,75
2024-12-10 14:14:17.335907,0.0,0.0,75
2024-12-10 14:14:27.335907,0.0,0.0,75
2024-12-10 14:14:37.335907,0.0,0.0,75
2024-12-10 14:14:47.335907,0.0,0.0,75
2024-12-10 14:14:57.335907,0.0,0.0,75
2024-12-10 14:15:07.335907,0.0,0.0,75
2024-12-10 14:15:17.335907,0.0,0.0,75
2024-12-10 14:15:27.335907,0.0,0.0,75
2024-12-10 14:15:37.335907,0.0,0.0,75
2024-12-10 14:15:47.335907,0.0,0.0,75
2024-12-10 14:15:57.335907,0.0,0.0,75
2024-12-10 14:16:07.335907,0.0,0.0,75
2024-12-10 14:16:17.335907,0.0,0.0,75
2024-12-10 14:16:27.335907,0.0,0.0,75
2024-12-10 14:16:37.335907,0.0,0.0,75
2024-12-10 14:16:47.335907,0.0,0.0,75
2024-12-10 14:16:57.335907,0.0,0.0,75
2024-12-10 14:17:07.335907,0.0,0.0,75
2024-12-10 14:17:17.335907,0.0,0.0,75
2024-12-10 14:17:27.335907,0.0,0.0,75
2024-12-10 14:17:37.335907,0.0,0.0,75
2024-12-10 14:17:47.335907,0.0,0.0,75
2024-12-10 14:17:57.335907,0.0,0.0,75
2024-12-10 14:18:07.335907,0.0,0.0,75
2024-12-10 14:18:17.335907,0.0,0.0,75
2024-12-10 14:18:27.335907,0.0,0.0,75
2024-12-10 14:18:37.335907,0.0,0.0,75
2024-12-10 14:18:47.335907,0.0,0.0,75
2024-12-10 14:18:57.335907,0.0,0.0,75
2024-12-10 14:19:07.335907,0.0,0.0,75
2024-12-10 14:19:17.335907,0.0,0.0,75
2024-12-10 14:19:27.335907,0.0,0.0,75
2024-12-10 14:19:37.335907,0.0,0.0,75
2024-12-10 14:19:47.335907,0.0,0.0,75
2024-12-10 14:19:57.335907,0.0,0.0,75
2024-12-10 14:20:07.335907,0.0,0.0,75
2024-12-10 14:20:17.335907,0.0,0.0,75
2024-12-10 14:20:27.335907,0.0,0.0,75
2024-12-10 14:20:37.335907,0.0,0.0,75
2024-12-10 14:20:47.335907,0.0,0.0,75
2024-12-10 14:20:57.335907,0.0,0.0,75
2024-12-10 14:21:07.335907,0.0,0.0,75
2024-12-10 14:21:17.335907,0.0,0.0,75
2024-12-10 14:21:27.335907,0.0,0.0,75
2024-12-10 14:21:37.335907,0.0,0.0,75
2024-12-10 14:21:47.335907,0.0,0.0,75
2024-12-10 14:21:57.335907,0.0,0.0,75
2024-12-10 14:22:07.335907,0.0,0.0,75
2024-12-10 14:22:17.335907,0.0,0.0,75
2024-12-10 14:22:27.335907,0.0,0.0,75
2024-12-10 14:22:37.335907,0.0,0.0,75
2024-12-10 14:22:47.335907,0.0,0.0,75
2024-12-10 14:22:57.335907,0.0,0.0,75
2024-12-10 14:23:07.335907,0.0,0.0,75
2024-12-10 14:23:17.335907,0.0,0.0,75
2024-12-10 14:23:27.335907,0.0,0.0,75
2024-12-10 14:23:37.335907,0.0,0.0,75
2024-12-10 14:23:47.335907,0.0,0.0,75
